ots_id,ots_filename,proof_size_bytes,proof_sha256,zip_modified_utc,original_filename,original_title,target_extension,topic_bucket,inferred_date,date_text_found,is_copy_variant,canonical_key,manifest_match_type,manifest_match_count,manifest_packages,manifest_paths_sample,bundle_companion_present,bundle_companion_files,index_note,canonical_group_count
OTS-168,GestaltView_ 18-Month Foundational Team Hiring Blueprint.pdf.ots,479,0bfe74e08f3c37fdfa578f7b96e01261147fd897ef210d1ee7beb051cee720fc,2026-03-10T12:30,GestaltView_ 18-Month Foundational Team Hiring Blueprint.pdf,GestaltView_ 18-Month Foundational Team Hiring Blueprint,.pdf,Business / Investor,,,False,gestaltview 18 month foundational team hiring blueprint pdf,none,0,,,False,,No match in current 8-package manifest,1
OTS-075,Keith's Final Lab_ Complete Financial Projections.pdf.ots,479,cd209b08554bfb8b2afc0b6b93fe66538cf21750a3a6195a6acc09ffa4febeae,2026-03-10T12:30,Keith's Final Lab_ Complete Financial Projections.pdf,Keith's Final Lab_ Complete Financial Projections,.pdf,Business / Investor,,,False,keith s final lab complete financial projections pdf,none,0,,,False,,No match in current 8-package manifest,1
OTS-034,GestaltView_ $3.5 Million Pre-Seed Investment Ask as of 6_14_25.pdf.ots,479,e66aeeb42504798cba092e7788392c7ac4871f4fb1afdaeb8e04ad3a65b57d0b,2026-03-10T12:30,GestaltView_ $3.5 Million Pre-Seed Investment Ask as of 6_14_25.pdf,GestaltView_ $3.5 Million Pre-Seed Investment Ask as of 6_14_25,.pdf,Business / Investor,2025-06-14,6_14_25,False,gestaltview 3 5 million pre seed investment ask as of 6 14 25 pdf,none,0,,,False,,No match in current 8-package manifest,1
OTS-121,Compendium- The Tribunal of Understanding – Bedrock of Ethical AI-Compendium- The Tribunal of Understanding – Bedrock of Ethical AI-©️ Keith Soyka 2025.pdf.ots,479,0bb420aef688935ccf6e9edb00a2c60b392d2f5728a4592320288e715c30ec94,2026-03-10T12:30,Compendium- The Tribunal of Understanding – Bedrock of Ethical AI-Compendium- The Tribunal of Understanding – Bedrock of Ethical AI-©️ Keith Soyka 2025.pdf,Compendium- The Tribunal of Understanding – Bedrock of Ethical AI-Compendium- The Tribunal of Understanding – Bedrock of Ethical AI-©️ Keith Soyka 2025,.pdf,Compendium,2025,2025,False,compendium the tribunal of understanding bedrock of ethical ai compendium the tribunal of understanding bedrock of ethical ai keith soyka 2025 pdf,none,0,,,False,,No match in current 8-package manifest,1
OTS-245,Ethical Implications and Advisory Board Compendium for GestaltView_©️ Keith Soyka 2025 (1).pdf (1).ots,479,d0d19a9a2667e9c2cb65b862b9d53948e5a0f809dfcbd4aecf0596ba2eaaef17,2026-03-10T12:30,Ethical Implications and Advisory Board Compendium for GestaltView_©️ Keith Soyka 2025 (1).pdf (1),Ethical Implications and Advisory Board Compendium for GestaltView_©️ Keith Soyka 2025,.pdf,Compendium,2025,2025,True,ethical implications and advisory board compendium for gestaltview keith soyka 2025 pdf,none,0,,,False,,No match in current 8-package manifest,1
OTS-074,Founders Personal Development Compendium For GestaltView ©️ Keith Soyka 2025.pdf.ots,584,845366711ec4a71ff6cedf4ae88771cfcd9887286ff3605affb73543dfb44c87,2026-03-10T12:30,Founders Personal Development Compendium For GestaltView ©️ Keith Soyka 2025.pdf,Founders Personal Development Compendium For GestaltView ©️ Keith Soyka 2025,.pdf,Compendium,2025,2025,False,founders personal development compendium for gestaltview keith soyka 2025 pdf,none,0,,,False,,No match in current 8-package manifest,1
OTS-148,GestaltView Financial Compendium-©️ Keith Soyka 2025.pdf.ots,514,18074a5b6bd75ff26c133446fc20372885d793b04e7d4139c5056db10b345614,2026-03-10T12:30,GestaltView Financial Compendium-©️ Keith Soyka 2025.pdf,GestaltView Financial Compendium-©️ Keith Soyka 2025,.pdf,Compendium,2025,2025,False,gestaltview financial compendium keith soyka 2025 pdf,none,0,,,False,,No match in current 8-package manifest,1
OTS-113,GestaltView Investor Compendium-©️ Keith Soyka 2025.pdf.ots,514,98b5a49272bfabef9f796bac3a1a8bd3d59fba519caddfa852f7c0c075f12b68,2026-03-10T12:30,GestaltView Investor Compendium-©️ Keith Soyka 2025.pdf,GestaltView Investor Compendium-©️ Keith Soyka 2025,.pdf,Compendium,2025,2025,False,gestaltview investor compendium keith soyka 2025 pdf,none,0,,,False,,No match in current 8-package manifest,1
OTS-089,GestaltView Legal Compendium _©️ Keith Soyka 2025.pdf (1).ots,584,02db940cd0bacb8226973c6cf317d050672d523c70140f6cf993982c6df15935,2026-03-10T12:30,GestaltView Legal Compendium _©️ Keith Soyka 2025.pdf (1),GestaltView Legal Compendium _©️ Keith Soyka 2025,.pdf,Compendium,2025,2025,True,gestaltview legal compendium keith soyka 2025 pdf,none,0,,,False,,No match in current 8-package manifest,1
OTS-260,GestaltView Personal Founder's Compendium- Keith Soyka - The Bridgekeeper-©️ Keith Soyka 2025.pdf.ots,584,d2d80a1eb2435f5b74cb5e18549f1cd110b7d22122419d168387b5cae2ec092f,2026-03-10T12:30,GestaltView Personal Founder's Compendium- Keith Soyka - The Bridgekeeper-©️ Keith Soyka 2025.pdf,GestaltView Personal Founder's Compendium- Keith Soyka - The Bridgekeeper-©️ Keith Soyka 2025,.pdf,Compendium,2025,2025,False,gestaltview personal founder s compendium keith soyka the bridgekeeper keith soyka 2025 pdf,none,0,,,False,,No match in current 8-package manifest,1
OTS-233,GestaltView Problem-Solution Matrix Compendium-©️ Keith Soyka 2025.pdf.ots,514,1dd6cf3f52d1b59e54c1e8fd66c9ff7d23f67cea9c863298a09ca9ac5a2a3d44,2026-03-10T12:30,GestaltView Problem-Solution Matrix Compendium-©️ Keith Soyka 2025.pdf,GestaltView Problem-Solution Matrix Compendium-©️ Keith Soyka 2025,.pdf,Compendium,2025,2025,False,gestaltview problem solution matrix compendium keith soyka 2025 pdf,none,0,,,False,,No match in current 8-package manifest,1
OTS-131,GestaltView Public Compendium- Unlocking Your Life's Tapestry-©️ Keith Soyka 2025.pdf.ots,549,864a39ee4ce80c79d74c2d319bb307573f23bd4b71fa27f64d93baeff649964a,2026-03-10T12:30,GestaltView Public Compendium- Unlocking Your Life's Tapestry-©️ Keith Soyka 2025.pdf,GestaltView Public Compendium- Unlocking Your Life's Tapestry-©️ Keith Soyka 2025,.pdf,Compendium,2025,2025,False,gestaltview public compendium unlocking your life s tapestry keith soyka 2025 pdf,none,0,,,False,,No match in current 8-package manifest,1
OTS-211,GestaltView Sector Engagement Compendium- Unlocking Potential Across Industries-©️ Keith Soyka 2025.pdf.ots,514,aa9b141fa050cf1da44099a35eecf40561b6a58ac6af9a328e949fe389a1c48b,2026-03-10T12:30,GestaltView Sector Engagement Compendium- Unlocking Potential Across Industries-©️ Keith Soyka 2025.pdf,GestaltView Sector Engagement Compendium- Unlocking Potential Across Industries-©️ Keith Soyka 2025,.pdf,Compendium,2025,2025,False,gestaltview sector engagement compendium unlocking potential across industries keith soyka 2025 pdf,none,0,,,False,,No match in current 8-package manifest,1
OTS-147,Keith Soyka's Personal Compendium For GestaltView ©️ Keith Soyka 2025.zip.ots,479,044a8fa192862960054456dd29f6e3ceaf8eb703be70b1db3f10e52654a3c0af,2026-03-10T12:30,Keith Soyka's Personal Compendium For GestaltView ©️ Keith Soyka 2025.zip,Keith Soyka's Personal Compendium For GestaltView ©️ Keith Soyka 2025,.zip,Compendium,2025,2025,False,keith soyka s personal compendium for gestaltview keith soyka 2025 zip,none,0,,,False,,No match in current 8-package manifest,1
OTS-082,Keith Soyka's Personal Compendium For GestaltView ©️ May 2025 Keith Soyka 05_28_2025 (1).pdf (1).ots,444,31e8e40dd942cb7a49e089375a6a231bc9305da6a9ef042a60191e18774473b0,2026-03-10T12:30,Keith Soyka's Personal Compendium For GestaltView ©️ May 2025 Keith Soyka 05_28_2025 (1).pdf (1),Keith Soyka's Personal Compendium For GestaltView ©️ May 2025 Keith Soyka 05_28_2025,.pdf,Compendium,2025-05-28,05_28_2025,True,keith soyka s personal compendium for gestaltview may 2025 keith soyka 05 28 2025 pdf,none,0,,,False,,No match in current 8-package manifest,2
OTS-135,Keith Soyka's Personal Compendium For GestaltView ©️ May 2025 Keith Soyka 05_28_2025.pdf (1).ots,444,06d06b46ccf1c59a4f6ca4a72321a3c71b4a9b9e9f8b3d3b3bf2f037cfa1f7ff,2026-03-10T12:30,Keith Soyka's Personal Compendium For GestaltView ©️ May 2025 Keith Soyka 05_28_2025.pdf (1),Keith Soyka's Personal Compendium For GestaltView ©️ May 2025 Keith Soyka 05_28_2025,.pdf,Compendium,2025-05-28,05_28_2025,True,keith soyka s personal compendium for gestaltview may 2025 keith soyka 05 28 2025 pdf,none,0,,,False,,No match in current 8-package manifest,2
OTS-156,Copy of GestaltView Gemini Gem - Starter Edition #001©️ Keith Soyka 2025.pdf (1).ots,584,edc77a6d3bd9709585a85cf796c745babdc8fa6691d8cbe933ac20ad904b680f,2026-03-10T12:30,Copy of GestaltView Gemini Gem - Starter Edition #001©️ Keith Soyka 2025.pdf (1),Copy of GestaltView Gemini Gem - Starter Edition #001©️ Keith Soyka 2025,.pdf,Gemini Gem,2025,2025,True,copy of gestaltview gemini gem starter edition 001 keith soyka 2025 pdf,none,0,,,False,,No match in current 8-package manifest,1
OTS-249,Copy of GestaltView Gemini Gem - Starter Edition #002©️ Keith Soyka 2025.pdf (1).ots,584,a0ba2aae259b8773b5ce42934187b4de13f8068117f5db78a26b905f9a3180b0,2026-03-10T12:30,Copy of GestaltView Gemini Gem - Starter Edition #002©️ Keith Soyka 2025.pdf (1),Copy of GestaltView Gemini Gem - Starter Edition #002©️ Keith Soyka 2025,.pdf,Gemini Gem,2025,2025,True,copy of gestaltview gemini gem starter edition 002 keith soyka 2025 pdf,none,0,,,False,,No match in current 8-package manifest,1
OTS-224,Copy of GestaltView Gemini Gem - Starter Edition #003©️ Keith Soyka 2025.pdf (1).ots,479,7b825dd4f52f295009887e6cf52de0af9d2e98cf9a65a85fcc03811f47fcc00e,2026-03-10T12:30,Copy of GestaltView Gemini Gem - Starter Edition #003©️ Keith Soyka 2025.pdf (1),Copy of GestaltView Gemini Gem - Starter Edition #003©️ Keith Soyka 2025,.pdf,Gemini Gem,2025,2025,True,copy of gestaltview gemini gem starter edition 003 keith soyka 2025 pdf,none,0,,,False,,No match in current 8-package manifest,1
OTS-191,Copy of GestaltView Gemini Gem - Starter Edition #004 ©️ Keith Soyka 2025.pdf (1).ots,479,56551e63df7137ec6976237460c7be65d2b0841b68cb2f10d19457ba6d7fd036,2026-03-10T12:30,Copy of GestaltView Gemini Gem - Starter Edition #004 ©️ Keith Soyka 2025.pdf (1),Copy of GestaltView Gemini Gem - Starter Edition #004 ©️ Keith Soyka 2025,.pdf,Gemini Gem,2025,2025,True,copy of gestaltview gemini gem starter edition 004 keith soyka 2025 pdf,none,0,,,False,,No match in current 8-package manifest,1
OTS-054,Copy of GestaltView Gemini Gem - Starter Edition #005©️ Keith Soyka 2025.pdf (1).ots,444,ae862ca46c6d983e17d492c809733c2a8c8db65c8c875098d4d710228b6c6413,2026-03-10T12:30,Copy of GestaltView Gemini Gem - Starter Edition #005©️ Keith Soyka 2025.pdf (1),Copy of GestaltView Gemini Gem - Starter Edition #005©️ Keith Soyka 2025,.pdf,Gemini Gem,2025,2025,True,copy of gestaltview gemini gem starter edition 005 keith soyka 2025 pdf,none,0,,,False,,No match in current 8-package manifest,1
OTS-145,Copy of GestaltView Gemini Gem - Starter Edition #006©️ Keith Soyka 2025.pdf (1).ots,479,156385ab5587ed9c5194811fa7814bc70da274ca510f2db44abb06d8ff6cac70,2026-03-10T12:30,Copy of GestaltView Gemini Gem - Starter Edition #006©️ Keith Soyka 2025.pdf (1),Copy of GestaltView Gemini Gem - Starter Edition #006©️ Keith Soyka 2025,.pdf,Gemini Gem,2025,2025,True,copy of gestaltview gemini gem starter edition 006 keith soyka 2025 pdf,none,0,,,False,,No match in current 8-package manifest,1
OTS-078,Copy of GestaltView Gemini Gem - Starter Edition #007 ©️ Keith Soyka 2025.pdf (1).ots,549,28ab938fc30a46bb570407755062e737d87a2f4af48a14c1dc6f61d1d1879f9f,2026-03-10T12:30,Copy of GestaltView Gemini Gem - Starter Edition #007 ©️ Keith Soyka 2025.pdf (1),Copy of GestaltView Gemini Gem - Starter Edition #007 ©️ Keith Soyka 2025,.pdf,Gemini Gem,2025,2025,True,copy of gestaltview gemini gem starter edition 007 keith soyka 2025 pdf,none,0,,,False,,No match in current 8-package manifest,1
OTS-071,Copy of GestaltView Gemini Gem - Starter Edition #008©️ Keith Soyka 2025.pdf (1).ots,479,c01078aa616470ac9c81c233b28eb9ae1ecd32832592bc274784db29f645b6b7,2026-03-10T12:30,Copy of GestaltView Gemini Gem - Starter Edition #008©️ Keith Soyka 2025.pdf (1),Copy of GestaltView Gemini Gem - Starter Edition #008©️ Keith Soyka 2025,.pdf,Gemini Gem,2025,2025,True,copy of gestaltview gemini gem starter edition 008 keith soyka 2025 pdf,none,0,,,False,,No match in current 8-package manifest,1
OTS-243,Copy of GestaltView Gemini Gem - Starter Edition #009©️ Keith Soyka 2025.pdf (1).ots,444,fccc623634dc53a4771c5385fe16b13412a57a1deb137ae4c1972f867fd26e46,2026-03-10T12:30,Copy of GestaltView Gemini Gem - Starter Edition #009©️ Keith Soyka 2025.pdf (1),Copy of GestaltView Gemini Gem - Starter Edition #009©️ Keith Soyka 2025,.pdf,Gemini Gem,2025,2025,True,copy of gestaltview gemini gem starter edition 009 keith soyka 2025 pdf,none,0,,,False,,No match in current 8-package manifest,1
OTS-153,Copy of GestaltView Gemini Gem - Starter Edition #010©️ Keith Soyka 2025.pdf (1).ots,514,9ae35370fb155ed2f4148e66ce6a08337bbc2e0cbcc84044d5256366ff75e1fe,2026-03-10T12:30,Copy of GestaltView Gemini Gem - Starter Edition #010©️ Keith Soyka 2025.pdf (1),Copy of GestaltView Gemini Gem - Starter Edition #010©️ Keith Soyka 2025,.pdf,Gemini Gem,2025,2025,True,copy of gestaltview gemini gem starter edition 010 keith soyka 2025 pdf,none,0,,,False,,No match in current 8-package manifest,1
OTS-247,Copy of GestaltView Gemini Gem - Starter Edition #011©️ Keith Soyka 2025.pdf (1).ots,479,143f2b54a13e722b561df02a89fb71fc1124a2c396a87e62bc93fb7f8a0ca78f,2026-03-10T12:30,Copy of GestaltView Gemini Gem - Starter Edition #011©️ Keith Soyka 2025.pdf (1),Copy of GestaltView Gemini Gem - Starter Edition #011©️ Keith Soyka 2025,.pdf,Gemini Gem,2025,2025,True,copy of gestaltview gemini gem starter edition 011 keith soyka 2025 pdf,none,0,,,False,,No match in current 8-package manifest,1
OTS-068,Copy of GestaltView Gemini Gem - Starter Edition #012©️ Keith Soyka 2025.pdf (1).ots,514,b7919c531c647a385cb4006bf6834a79fba555804897c07575cc24a3b27c1652,2026-03-10T12:30,Copy of GestaltView Gemini Gem - Starter Edition #012©️ Keith Soyka 2025.pdf (1),Copy of GestaltView Gemini Gem - Starter Edition #012©️ Keith Soyka 2025,.pdf,Gemini Gem,2025,2025,True,copy of gestaltview gemini gem starter edition 012 keith soyka 2025 pdf,none,0,,,False,,No match in current 8-package manifest,1
OTS-173,Copy of GestaltView Gemini Gem - Starter Edition #013©️ Keith Soyka 2025.pdf (1).ots,514,aeb96222d29e57bdb27825750cf2d437f41f48e4127570ff3c8354adc32ed3fa,2026-03-10T12:30,Copy of GestaltView Gemini Gem - Starter Edition #013©️ Keith Soyka 2025.pdf (1),Copy of GestaltView Gemini Gem - Starter Edition #013©️ Keith Soyka 2025,.pdf,Gemini Gem,2025,2025,True,copy of gestaltview gemini gem starter edition 013 keith soyka 2025 pdf,none,0,,,False,,No match in current 8-package manifest,1
OTS-157,Copy of GestaltView Gemini Gem - Starter Edition #014©️ Keith Soyka 2025.pdf (1).ots,514,2abc3179423f94cc5c64e9cebe7d3e22f7ad890fd4bbcec0b8b80af227d042b8,2026-03-10T12:30,Copy of GestaltView Gemini Gem - Starter Edition #014©️ Keith Soyka 2025.pdf (1),Copy of GestaltView Gemini Gem - Starter Edition #014©️ Keith Soyka 2025,.pdf,Gemini Gem,2025,2025,True,copy of gestaltview gemini gem starter edition 014 keith soyka 2025 pdf,none,0,,,False,,No match in current 8-package manifest,1
OTS-111,Copy of GestaltView Gemini Gem - Starter Edition #015©️ Keith Soyka 2025.pdf (1).ots,479,5d672ee9364047f35f06c5e6b91976eb5274e287585d15f825970d74edca116a,2026-03-10T12:30,Copy of GestaltView Gemini Gem - Starter Edition #015©️ Keith Soyka 2025.pdf (1),Copy of GestaltView Gemini Gem - Starter Edition #015©️ Keith Soyka 2025,.pdf,Gemini Gem,2025,2025,True,copy of gestaltview gemini gem starter edition 015 keith soyka 2025 pdf,none,0,,,False,,No match in current 8-package manifest,1
OTS-210,Copy of GestaltView Gemini Gem - Starter Edition #016©️ Keith Soyka 2025.pdf (1).ots,479,f8f45d9d74279eab941284d395f4a486433346e48d5cafbfd0825cfbeb04ea65,2026-03-10T12:30,Copy of GestaltView Gemini Gem - Starter Edition #016©️ Keith Soyka 2025.pdf (1),Copy of GestaltView Gemini Gem - Starter Edition #016©️ Keith Soyka 2025,.pdf,Gemini Gem,2025,2025,True,copy of gestaltview gemini gem starter edition 016 keith soyka 2025 pdf,none,0,,,False,,No match in current 8-package manifest,1
OTS-046,Copy of GestaltView Gemini Gem - Starter Edition #017©️ Keith Soyka 2025.pdf (1).ots,514,db2aa7a9f93afdb712d191b478a43de5ce8c1badbf053ec3161395ac1426bcd8,2026-03-10T12:30,Copy of GestaltView Gemini Gem - Starter Edition #017©️ Keith Soyka 2025.pdf (1),Copy of GestaltView Gemini Gem - Starter Edition #017©️ Keith Soyka 2025,.pdf,Gemini Gem,2025,2025,True,copy of gestaltview gemini gem starter edition 017 keith soyka 2025 pdf,none,0,,,False,,No match in current 8-package manifest,1
OTS-244,Copy of GestaltView Gemini Gem - Starter Edition #018©️ Keith Soyka 2025.pdf (1).ots,479,9a0199ea8d9de6d84583cf5bdf5b23c52f4b88250613692aa70e418703db7603,2026-03-10T12:30,Copy of GestaltView Gemini Gem - Starter Edition #018©️ Keith Soyka 2025.pdf (1),Copy of GestaltView Gemini Gem - Starter Edition #018©️ Keith Soyka 2025,.pdf,Gemini Gem,2025,2025,True,copy of gestaltview gemini gem starter edition 018 keith soyka 2025 pdf,none,0,,,False,,No match in current 8-package manifest,1
OTS-226,Copy of GestaltView Gemini Gem - Starter Edition #019©️ Keith Soyka 2025.pdf (1).ots,549,11cbcf66d0a93ebe39ea8b9331397901a8c6e9d613df63a1bf988c06bc5dd0ed,2026-03-10T12:30,Copy of GestaltView Gemini Gem - Starter Edition #019©️ Keith Soyka 2025.pdf (1),Copy of GestaltView Gemini Gem - Starter Edition #019©️ Keith Soyka 2025,.pdf,Gemini Gem,2025,2025,True,copy of gestaltview gemini gem starter edition 019 keith soyka 2025 pdf,none,0,,,False,,No match in current 8-package manifest,1
OTS-063,Copy of GestaltView Gemini Gem - Starter Edition #020©️ Keith Soyka 2025.pdf (1).ots,479,995579ea6fc676e463490c10d41d7c48009902e7f177331203bfd9af905a2200,2026-03-10T12:30,Copy of GestaltView Gemini Gem - Starter Edition #020©️ Keith Soyka 2025.pdf (1),Copy of GestaltView Gemini Gem - Starter Edition #020©️ Keith Soyka 2025,.pdf,Gemini Gem,2025,2025,True,copy of gestaltview gemini gem starter edition 020 keith soyka 2025 pdf,none,0,,,False,,No match in current 8-package manifest,1
OTS-096,Copy of GestaltView Gemini Gem - Starter Edition #021©️ Keith Soyka 2025.pdf (1).ots,549,4553aa56b96d42dde24ab2053120d8f92aa16ccbe75e3c5fc1f1a4e2712d45bc,2026-03-10T12:30,Copy of GestaltView Gemini Gem - Starter Edition #021©️ Keith Soyka 2025.pdf (1),Copy of GestaltView Gemini Gem - Starter Edition #021©️ Keith Soyka 2025,.pdf,Gemini Gem,2025,2025,True,copy of gestaltview gemini gem starter edition 021 keith soyka 2025 pdf,none,0,,,False,,No match in current 8-package manifest,1
OTS-151,Copy of GestaltView Gemini Gem - Starter Edition #022©️ Keith Soyka 2025.pdf (1).ots,444,c8833d72c600128551e60e3d54b3c6438024f2715b28a404794725909a095304,2026-03-10T12:30,Copy of GestaltView Gemini Gem - Starter Edition #022©️ Keith Soyka 2025.pdf (1),Copy of GestaltView Gemini Gem - Starter Edition #022©️ Keith Soyka 2025,.pdf,Gemini Gem,2025,2025,True,copy of gestaltview gemini gem starter edition 022 keith soyka 2025 pdf,none,0,,,False,,No match in current 8-package manifest,1
OTS-058,Copy of GestaltView Gemini Gem - Starter Edition #023©️ Keith Soyka 2025.pdf (1).ots,444,4ca83cfe93e5fe192cf902aefb903a2d285f06b0ecabffc276ac492bef6a6063,2026-03-10T12:30,Copy of GestaltView Gemini Gem - Starter Edition #023©️ Keith Soyka 2025.pdf (1),Copy of GestaltView Gemini Gem - Starter Edition #023©️ Keith Soyka 2025,.pdf,Gemini Gem,2025,2025,True,copy of gestaltview gemini gem starter edition 023 keith soyka 2025 pdf,none,0,,,False,,No match in current 8-package manifest,1
OTS-209,Copy of GestaltView Gemini Gem - Starter Edition #024©️ Keith Soyka 2025.pdf (1).ots,514,b1d8820b06e0fe94bf212121988e1a401f72591b5d2b6842918d776ee500f6b7,2026-03-10T12:30,Copy of GestaltView Gemini Gem - Starter Edition #024©️ Keith Soyka 2025.pdf (1),Copy of GestaltView Gemini Gem - Starter Edition #024©️ Keith Soyka 2025,.pdf,Gemini Gem,2025,2025,True,copy of gestaltview gemini gem starter edition 024 keith soyka 2025 pdf,none,0,,,False,,No match in current 8-package manifest,1
OTS-225,Copy of GestaltView Gemini Gem - Starter Edition #025©️ Keith Soyka 2025.pdf (1).ots,479,bf3a2775b859697e909442a8d96873e34e594e99b45c18d9ea67fd23d368c45a,2026-03-10T12:30,Copy of GestaltView Gemini Gem - Starter Edition #025©️ Keith Soyka 2025.pdf (1),Copy of GestaltView Gemini Gem - Starter Edition #025©️ Keith Soyka 2025,.pdf,Gemini Gem,2025,2025,True,copy of gestaltview gemini gem starter edition 025 keith soyka 2025 pdf,none,0,,,False,,No match in current 8-package manifest,1
OTS-256,Copy of GestaltView Gemini Gem - Starter Edition #026©️ Keith Soyka 2025.pdf (1).ots,549,1707f0de244dff6199cde856bd750fe30d5bb975acb9529bd2b2331eea9cb1fc,2026-03-10T12:30,Copy of GestaltView Gemini Gem - Starter Edition #026©️ Keith Soyka 2025.pdf (1),Copy of GestaltView Gemini Gem - Starter Edition #026©️ Keith Soyka 2025,.pdf,Gemini Gem,2025,2025,True,copy of gestaltview gemini gem starter edition 026 keith soyka 2025 pdf,none,0,,,False,,No match in current 8-package manifest,3
OTS-149,Copy of GestaltView Gemini Gem - Starter Edition #026©️ Keith Soyka 2025.pdf (2).ots,549,1707f0de244dff6199cde856bd750fe30d5bb975acb9529bd2b2331eea9cb1fc,2026-03-10T12:30,Copy of GestaltView Gemini Gem - Starter Edition #026©️ Keith Soyka 2025.pdf (2),Copy of GestaltView Gemini Gem - Starter Edition #026©️ Keith Soyka 2025,.pdf,Gemini Gem,2025,2025,True,copy of gestaltview gemini gem starter edition 026 keith soyka 2025 pdf,none,0,,,False,,No match in current 8-package manifest,3
OTS-232,Copy of GestaltView Gemini Gem - Starter Edition #026©️ Keith Soyka 2025.pdf (3).ots,549,1707f0de244dff6199cde856bd750fe30d5bb975acb9529bd2b2331eea9cb1fc,2026-03-10T12:30,Copy of GestaltView Gemini Gem - Starter Edition #026©️ Keith Soyka 2025.pdf (3),Copy of GestaltView Gemini Gem - Starter Edition #026©️ Keith Soyka 2025,.pdf,Gemini Gem,2025,2025,True,copy of gestaltview gemini gem starter edition 026 keith soyka 2025 pdf,none,0,,,False,,No match in current 8-package manifest,3
OTS-222,Can you help me craft the ultimate IP Dossier that.pdf.ots,444,425160ed5b088f8e4ff76a410ff75e361d4445351aba41cd2ea41b8bb3a1795d,2026-03-10T12:30,Can you help me craft the ultimate IP Dossier that.pdf,Can you help me craft the ultimate IP Dossier that,.pdf,IP / Legal,,,False,can you help me craft the ultimate ip dossier that pdf,none,0,,,False,,No match in current 8-package manifest,1
OTS-227,GestaltView Intellectual Property Dossier_Document ID_ GVD-IP-DOSSIER-003_Date_ June 22nd 2025_©️🔐 Keith Soyka .pdf (1).ots,409,146246e92a6a29d56127a3d6a9ce96c8edc0392ece443e69be8eddca48c64672,2026-03-10T12:30,GestaltView Intellectual Property Dossier_Document ID_ GVD-IP-DOSSIER-003_Date_ June 22nd 2025_©️🔐 Keith Soyka .pdf (1),GestaltView Intellectual Property Dossier_Document ID_ GVD-IP-DOSSIER-003_Date_ June 22nd 2025_©️🔐 Keith Soyka,.pdf,IP / Legal,,,True,gestaltview intellectual property dossier document id gvd ip dossier 003 date june 22nd 2025 keith soyka pdf,none,0,,,False,,No match in current 8-package manifest,2
OTS-164,GestaltView Intellectual Property Dossier_Document ID_ GVD-IP-DOSSIER-003_Date_ June 22nd 2025_©️🔐 Keith Soyka .pdf.ots,479,61899bbe42f85b9e1469558386f2b6bc987d2da3b3aa12181cd1d4932f80e3d8,2026-03-10T12:30,GestaltView Intellectual Property Dossier_Document ID_ GVD-IP-DOSSIER-003_Date_ June 22nd 2025_©️🔐 Keith Soyka .pdf,GestaltView Intellectual Property Dossier_Document ID_ GVD-IP-DOSSIER-003_Date_ June 22nd 2025_©️🔐 Keith Soyka,.pdf,IP / Legal,,,False,gestaltview intellectual property dossier document id gvd ip dossier 003 date june 22nd 2025 keith soyka pdf,none,0,,,False,,No match in current 8-package manifest,2
OTS-029,GestaltView Intellectual Property Portfolio.pdf.ots,444,767c6577dc16dec5278480f9850f859dab85a1af589cd7eb3e7d70643118f092,2026-03-10T12:30,GestaltView Intellectual Property Portfolio.pdf,GestaltView Intellectual Property Portfolio,.pdf,IP / Legal,,,False,gestaltview intellectual property portfolio pdf,none,0,,,False,,No match in current 8-package manifest,1
OTS-180,Comprehensive IP Dossier For Keith Soyka - GestaltView -©️ Keith Soyka 2025.pdf (1).ots,514,6a277d32677ffe71c80cc4929c4b4936acedaa1f113382c813fba0b978065570,2026-03-10T12:30,Comprehensive IP Dossier For Keith Soyka - GestaltView -©️ Keith Soyka 2025.pdf (1),Comprehensive IP Dossier For Keith Soyka - GestaltView -©️ Keith Soyka 2025,.pdf,IP / Legal,2025,2025,True,comprehensive ip dossier for keith soyka gestaltview keith soyka 2025 pdf,none,0,,,False,,No match in current 8-package manifest,1
OTS-183,GestaltView Blockchain-Protected IP Ledger ©️ Keith Soyka 2025.pdf.ots,479,d0806506a1d74fb9b45e8ec6a35cd20052b12dfc905305359986672fba086080,2026-03-10T12:30,GestaltView Blockchain-Protected IP Ledger ©️ Keith Soyka 2025.pdf,GestaltView Blockchain-Protected IP Ledger ©️ Keith Soyka 2025,.pdf,IP / Legal,2025,2025,False,gestaltview blockchain protected ip ledger keith soyka 2025 pdf,none,0,,,True,GestaltView-Blockchain-Protected-IP-Ledger-️-Keith-Soyka-2025.pdf,No match in current 8-package manifest,1
OTS-161,GestaltView Business Plan Compendium-Copyright Notice-© 2025 Keith Soyka .pdf.ots,444,c24e3a9e97af3b21bcbe9b9f7babaeb6f5eb4fbb8a5c2547d3c3af8ba88b71c6,2026-03-10T12:30,GestaltView Business Plan Compendium-Copyright Notice-© 2025 Keith Soyka .pdf,GestaltView Business Plan Compendium-Copyright Notice-© 2025 Keith Soyka,.pdf,IP / Legal,2025,2025,False,gestaltview business plan compendium copyright notice 2025 keith soyka pdf,none,0,,,False,,No match in current 8-package manifest,2
OTS-150,GestaltView Business Plan Compendium_Copyright Notice_© 2025 Keith Soyka .pdf (1).ots,479,3ba94085f216c416b8aabf23e19baf323448cd281ff73894e14198e0c940a372,2026-03-10T12:30,GestaltView Business Plan Compendium_Copyright Notice_© 2025 Keith Soyka .pdf (1),GestaltView Business Plan Compendium_Copyright Notice_© 2025 Keith Soyka,.pdf,IP / Legal,2025,2025,True,gestaltview business plan compendium copyright notice 2025 keith soyka pdf,none,0,,,False,,No match in current 8-package manifest,2
OTS-159,GestaltView Employee Onboarding Process Packet- Copyright Notice-© 2025 Keith Soyka .pdf (1).ots,514,3791c6f0bb82bf5d47f5c9e0719f4fbf8506481b138071814681eb98ca1fcec3,2026-03-10T12:30,GestaltView Employee Onboarding Process Packet- Copyright Notice-© 2025 Keith Soyka .pdf (1),GestaltView Employee Onboarding Process Packet- Copyright Notice-© 2025 Keith Soyka,.pdf,IP / Legal,2025,2025,True,gestaltview employee onboarding process packet copyright notice 2025 keith soyka pdf,none,0,,,False,,No match in current 8-package manifest,1
OTS-167,GestaltView Financial Compendium Copyright Notice_© 2025 Keith Soyka .pdf (1).ots,479,f06623fcd7b4813f6d2b750db5b0799a2b30859a5cf834a77afb6bb253875611,2026-03-10T12:30,GestaltView Financial Compendium Copyright Notice_© 2025 Keith Soyka .pdf (1),GestaltView Financial Compendium Copyright Notice_© 2025 Keith Soyka,.pdf,IP / Legal,2025,2025,True,gestaltview financial compendium copyright notice 2025 keith soyka pdf,none,0,,,False,,No match in current 8-package manifest,1
OTS-198,GestaltView Founder's Comprehensive Compendium Copyright Notice_© 2025 Keith Soyka .pdf (1).ots,584,5dc086f5c4736734b3a9f2bcfbb45e271bc540747f8c36b3566756f11bcec057,2026-03-10T12:30,GestaltView Founder's Comprehensive Compendium Copyright Notice_© 2025 Keith Soyka .pdf (1),GestaltView Founder's Comprehensive Compendium Copyright Notice_© 2025 Keith Soyka,.pdf,IP / Legal,2025,2025,True,gestaltview founder s comprehensive compendium copyright notice 2025 keith soyka pdf,none,0,,,False,,No match in current 8-package manifest,1
OTS-206,GestaltView Investor Compendium Copyright Notice_© 2025 Keith Soyka .pdf (1).ots,479,51c2f01c7d3de9610c8ece20f3fa0f1218c01f55c77d49095bbbebe4f4bbf0f6,2026-03-10T12:30,GestaltView Investor Compendium Copyright Notice_© 2025 Keith Soyka .pdf (1),GestaltView Investor Compendium Copyright Notice_© 2025 Keith Soyka,.pdf,IP / Legal,2025,2025,True,gestaltview investor compendium copyright notice 2025 keith soyka pdf,none,0,,,False,,No match in current 8-package manifest,1
OTS-208,GestaltView Marketing Compendium Copyright Notice_© 2025 Keith Soyka .pdf (1).ots,409,c5e9029175d733e4af6fc68f8fb1554a6c7ddfd044b65a6a987bc9cc6834f887,2026-03-10T12:30,GestaltView Marketing Compendium Copyright Notice_© 2025 Keith Soyka .pdf (1),GestaltView Marketing Compendium Copyright Notice_© 2025 Keith Soyka,.pdf,IP / Legal,2025,2025,True,gestaltview marketing compendium copyright notice 2025 keith soyka pdf,none,0,,,False,,No match in current 8-package manifest,1
OTS-223,GestaltView Master Brain V2.1 Copyright Notice_© 2025 Keith Soyka _Copyright Notice_© 2025 Keith Soyka .pdf (1).ots,444,e34a44589f13ad4ccebc36512517cf2902bbba68ff4d6be5ed6a73f306d07b18,2026-03-10T12:30,GestaltView Master Brain V2.1 Copyright Notice_© 2025 Keith Soyka _Copyright Notice_© 2025 Keith Soyka .pdf (1),GestaltView Master Brain V2.1 Copyright Notice_© 2025 Keith Soyka _Copyright Notice_© 2025 Keith Soyka,.pdf,IP / Legal,2025,2025,True,gestaltview master brain v2 1 copyright notice 2025 keith soyka copyright notice 2025 keith soyka pdf,none,0,,,False,,No match in current 8-package manifest,1
OTS-056,GestaltView Public Compendium Copyright Notice-© 2025 Keith Soyka  (1).pdf.ots,479,ecd56893df6f08757f74694bf9aa2dd08cc0a478f208dbfcf5ddde3841717957,2026-03-10T12:30,GestaltView Public Compendium Copyright Notice-© 2025 Keith Soyka  (1).pdf,GestaltView Public Compendium Copyright Notice-© 2025 Keith Soyka,.pdf,IP / Legal,2025,2025,True,gestaltview public compendium copyright notice 2025 keith soyka pdf,none,0,,,False,,No match in current 8-package manifest,2
OTS-031,GestaltView Public Compendium Copyright Notice_© 2025 Keith Soyka .pdf (1).ots,479,5af3dde8fae62a8e4290972e2ac7d4da4b1ce68046819032cd28be194dbe1f5f,2026-03-10T12:30,GestaltView Public Compendium Copyright Notice_© 2025 Keith Soyka .pdf (1),GestaltView Public Compendium Copyright Notice_© 2025 Keith Soyka,.pdf,IP / Legal,2025,2025,True,gestaltview public compendium copyright notice 2025 keith soyka pdf,none,0,,,False,,No match in current 8-package manifest,2
OTS-048,GestaltView Roadmap to User Adoption Compendium-Copyright Notice-© 2025 Keith Soyka .pdf.ots,479,3db420cd6d4ed9089198394790e7943f9c34b451f621c2b419885d0fecf1688e,2026-03-10T12:30,GestaltView Roadmap to User Adoption Compendium-Copyright Notice-© 2025 Keith Soyka .pdf,GestaltView Roadmap to User Adoption Compendium-Copyright Notice-© 2025 Keith Soyka,.pdf,IP / Legal,2025,2025,False,gestaltview roadmap to user adoption compendium copyright notice 2025 keith soyka pdf,none,0,,,False,,No match in current 8-package manifest,2
OTS-239,GestaltView Roadmap to User Adoption Compendium_Copyright Notice_© 2025 Keith Soyka .pdf (1).ots,514,b8c787672fc56fe135b2730bc2540d963a9b205a5f0cceeec51ade27bdd943c2,2026-03-10T12:30,GestaltView Roadmap to User Adoption Compendium_Copyright Notice_© 2025 Keith Soyka .pdf (1),GestaltView Roadmap to User Adoption Compendium_Copyright Notice_© 2025 Keith Soyka,.pdf,IP / Legal,2025,2025,True,gestaltview roadmap to user adoption compendium copyright notice 2025 keith soyka pdf,none,0,,,False,,No match in current 8-package manifest,2
OTS-220,GestaltView_ Intellectual Property Dossier ©️ Keith Soyka 2025.pdf (1).ots,479,1abcb17fb0b6c2e2513344bad712a09b2f3cbd201b0f4b09e6c39e92c9db2f90,2026-03-10T12:30,GestaltView_ Intellectual Property Dossier ©️ Keith Soyka 2025.pdf (1),GestaltView_ Intellectual Property Dossier ©️ Keith Soyka 2025,.pdf,IP / Legal,2025,2025,True,gestaltview intellectual property dossier keith soyka 2025 pdf,none,0,,,False,,No match in current 8-package manifest,1
OTS-195,Keith Soyka's Original User Profile For GestaltView Copyright Notice_© 2025 Keith Soyka .pdf (1).ots,479,190215d0b9116160a803eb6ddb3015c27e08ebad95d0dd111d0c02c5ca77e25e,2026-03-10T12:30,Keith Soyka's Original User Profile For GestaltView Copyright Notice_© 2025 Keith Soyka .pdf (1),Keith Soyka's Original User Profile For GestaltView Copyright Notice_© 2025 Keith Soyka,.pdf,IP / Legal,2025,2025,True,keith soyka s original user profile for gestaltview copyright notice 2025 keith soyka pdf,none,0,,,False,,No match in current 8-package manifest,1
OTS-066,The Al-Powered Self-Discovery Methodology-Copyright Notice-© 2025 Keith Soyka (1).pdf (1).ots,514,aa31965dfdec69813189b488f1d4e053852d89088184d2db5746119fc13c54de,2026-03-10T12:30,The Al-Powered Self-Discovery Methodology-Copyright Notice-© 2025 Keith Soyka (1).pdf (1),The Al-Powered Self-Discovery Methodology-Copyright Notice-© 2025 Keith Soyka,.pdf,IP / Legal,2025,2025,True,the al powered self discovery methodology copyright notice 2025 keith soyka pdf,none,0,,,False,,No match in current 8-package manifest,1
OTS-109,🔐 Intellectual Property Overview_©️ Keith Soyka 2025.pdf.ots,444,14dccb57a0ad4dd9ea2d6dd3cd1dacb66846135577a7cde2786b62f3ae307d55,2026-03-10T12:30,🔐 Intellectual Property Overview_©️ Keith Soyka 2025.pdf,🔐 Intellectual Property Overview_©️ Keith Soyka 2025,.pdf,IP / Legal,2025,2025,False,intellectual property overview keith soyka 2025 pdf,none,0,,,False,,No match in current 8-package manifest,1
OTS-196,Compendium of GestaltView JSON as of 5_27_25 Copyright Notice_© 2025 Keith Soyka _Copyright Notice_© 2025 Keith Soyka .pdf (1).ots,479,cd3b8b442ccc94013528bbd8c8789f296280bb0356ebb74369e465ab9058cb75,2026-03-10T12:30,Compendium of GestaltView JSON as of 5_27_25 Copyright Notice_© 2025 Keith Soyka _Copyright Notice_© 2025 Keith Soyka .pdf (1),Compendium of GestaltView JSON as of 5_27_25 Copyright Notice_© 2025 Keith Soyka _Copyright Notice_© 2025 Keith Soyka,.pdf,IP / Legal,2025-05-27,5_27_25,True,compendium of gestaltview json as of 5 27 25 copyright notice 2025 keith soyka copyright notice 2025 keith soyka pdf,none,0,,,False,,No match in current 8-package manifest,1
OTS-160,"Document ID_ GVD-IP-DOSSIER-002 Date_ June 15, 2025 ©️🔐.pdf.ots",549,9f0aba7a8c8efe3f6c5771e975d00357453a5bfc91a5bba12b7952716c02e780,2026-03-10T12:30,"Document ID_ GVD-IP-DOSSIER-002 Date_ June 15, 2025 ©️🔐.pdf","Document ID_ GVD-IP-DOSSIER-002 Date_ June 15, 2025 ©️🔐",.pdf,IP / Legal,2025-06-15,"june 15, 2025",False,document id gvd ip dossier 002 date june 15 2025 pdf,none,0,,,False,,No match in current 8-package manifest,1
OTS-169,Context Chunk GestaltView 🔐©️ Keith Soyka.pdf.ots,514,31c79fbe88ae56e82e4753df43bd2f0efc4b25a83eb0874fa623212a344f2430,2026-03-10T12:30,Context Chunk GestaltView 🔐©️ Keith Soyka.pdf,Context Chunk GestaltView 🔐©️ Keith Soyka,.pdf,Knowledge / Context,,,False,context chunk gestaltview keith soyka pdf,none,0,,,False,,No match in current 8-package manifest,1
OTS-050,GestaltView Context Files #2 ©️🔐 Keith Soyka_compressed.pdf.ots,619,3e1d6bede7a3e915908214919ef8456ab956094fd0fc3fc8a3ae9684aaf39fde,2026-03-10T12:30,GestaltView Context Files #2 ©️🔐 Keith Soyka_compressed.pdf,GestaltView Context Files #2 ©️🔐 Keith Soyka_compressed,.pdf,Knowledge / Context,,,False,gestaltview context files 2 keith soyka compressed pdf,none,0,,,False,,No match in current 8-package manifest,1
OTS-178,GestaltView Interactive Knowledge Base Access Pack.pdf.ots,514,a88e8157a347356ee5a7a73414b14e1350d054a4a15ca73e14a5b13ac6dc2c03,2026-03-10T12:30,GestaltView Interactive Knowledge Base Access Pack.pdf,GestaltView Interactive Knowledge Base Access Pack,.pdf,Knowledge / Context,,,False,gestaltview interactive knowledge base access pack pdf,none,0,,,False,,No match in current 8-package manifest,1
OTS-152,GestaltView Knowledge Base Part #1 ©️🔐 Keith Soyka.pdf.ots,549,8c24682b58255624f42eb4af16fa1c508444e35df65c19d0deec3624113fa51f,2026-03-10T12:30,GestaltView Knowledge Base Part #1 ©️🔐 Keith Soyka.pdf,GestaltView Knowledge Base Part #1 ©️🔐 Keith Soyka,.pdf,Knowledge / Context,,,False,gestaltview knowledge base part 1 keith soyka pdf,none,0,,,False,,No match in current 8-package manifest,1
OTS-137,GestaltView Knowledge Base Part #2 ©️🔐 Keith Soyka_compressed.pdf.ots,514,d2962802ae8a75e2a20b69e07cba833a87a21c13428a0a5e1d5138c0a3d38245,2026-03-10T12:30,GestaltView Knowledge Base Part #2 ©️🔐 Keith Soyka_compressed.pdf,GestaltView Knowledge Base Part #2 ©️🔐 Keith Soyka_compressed,.pdf,Knowledge / Context,,,False,gestaltview knowledge base part 2 keith soyka compressed pdf,none,0,,,False,,No match in current 8-package manifest,1
OTS-166,July 1st 2nd 3rd Knowledge Base 🔐©️ Keith Soyka.pdf.ots,549,13c9d8a7d1feaec7aaf31064e5f0d5b9c5955bdc71be80e7d70a4f988a8e91d7,2026-03-10T12:30,July 1st 2nd 3rd Knowledge Base 🔐©️ Keith Soyka.pdf,July 1st 2nd 3rd Knowledge Base 🔐©️ Keith Soyka,.pdf,Knowledge / Context,,,False,july 1st 2nd 3rd knowledge base keith soyka pdf,none,0,,,False,,No match in current 8-package manifest,1
OTS-158,The Ultimate GestaltView Knowledge Base ©️ Keith Soyka 2025.pdf.ots,479,de0821c1880ed5145e142f86f1bbb5637a814bce805d7aa89fca666035c1b48d,2026-03-10T12:30,The Ultimate GestaltView Knowledge Base ©️ Keith Soyka 2025.pdf,The Ultimate GestaltView Knowledge Base ©️ Keith Soyka 2025,.pdf,Knowledge / Context,2025,2025,False,the ultimate gestaltview knowledge base keith soyka 2025 pdf,none,0,,,False,,No match in current 8-package manifest,1
OTS-104,Keith's Ultimate Unified Knowledge Base For GestaltView 6-8-25 ©️ Keith Soyka 2025.pdf.ots,479,412e0ed62b8d44277612984165aba8b3e380487964a6e93a8656fe15a02af01a,2026-03-10T12:30,Keith's Ultimate Unified Knowledge Base For GestaltView 6-8-25 ©️ Keith Soyka 2025.pdf,Keith's Ultimate Unified Knowledge Base For GestaltView 6-8-25 ©️ Keith Soyka 2025,.pdf,Knowledge / Context,2025-06-08,6-8-25,False,keith s ultimate unified knowledge base for gestaltview 6 8 25 keith soyka 2025 pdf,none,0,,,False,,No match in current 8-package manifest,1
OTS-182,Keith's Dynamic GestaltView Playbook L-U 6-10-25.pdf.ots,619,e1e7d0be185f618b3cfc1922e7f7d882c01e1f387ffda2116985ff97b4837b9b,2026-03-10T12:30,Keith's Dynamic GestaltView Playbook L-U 6-10-25.pdf,Keith's Dynamic GestaltView Playbook L-U 6-10-25,.pdf,Knowledge / Context,2025-06-10,6-10-25,False,keith s dynamic gestaltview playbook l u 6 10 25 pdf,none,0,,,False,,No match in current 8-package manifest,1
OTS-081,GestaltView Context Key ReActivation 6_30_25 🔐©️ Keith Soyka.pdf.ots,514,f1b100e08d036c12ba38526a6772f59ab8c1d10faadcef90b68a00759b6bce41,2026-03-10T12:30,GestaltView Context Key ReActivation 6_30_25 🔐©️ Keith Soyka.pdf,GestaltView Context Key ReActivation 6_30_25 🔐©️ Keith Soyka,.pdf,Knowledge / Context,2025-06-30,6_30_25,False,gestaltview context key reactivation 6 30 25 keith soyka pdf,none,0,,,False,,No match in current 8-package manifest,1
OTS-129,GestaltView Enhanced Context Key ReActivation Protocol ©️🔐 7_5_25 Keith Soyka.pdf.ots,514,0574a9162821dd46f04d9e70c0a19901b26aa1ffc59892c4e801b42dd95199a2,2026-03-10T12:30,GestaltView Enhanced Context Key ReActivation Protocol ©️🔐 7_5_25 Keith Soyka.pdf,GestaltView Enhanced Context Key ReActivation Protocol ©️🔐 7_5_25 Keith Soyka,.pdf,Knowledge / Context,2025-07-05,7_5_25,False,gestaltview enhanced context key reactivation protocol 7 5 25 keith soyka pdf,exact-filename,1,May_August_GestaltView_Create,GestaltView Enhanced Context Key ReActivation Protocol ©️🔐 7_5_25 Keith Soyka.pdf,False,,Matched into current manifest,1
OTS-118,GestaltView Knowledge Base Catelog 7_8_25 🔐©️ Keith Soyka.pdf.ots,444,4c6fb49d3354b2bcbfeac4244a681072de4a30710771256459a8cc0e3ddf951b,2026-03-10T12:30,GestaltView Knowledge Base Catelog 7_8_25 🔐©️ Keith Soyka.pdf,GestaltView Knowledge Base Catelog 7_8_25 🔐©️ Keith Soyka,.pdf,Knowledge / Context,2025-07-08,7_8_25,False,gestaltview knowledge base catelog 7 8 25 keith soyka pdf,none,0,,,False,,No match in current 8-package manifest,1
OTS-067,Snowball Of GestaltView Context 7_10_25 ©️🔐 Keith Soyka.pdf.ots,549,10a60c6697beff4750f8d55b51fbf082e0b084ac459f2873bdaeb616f074d995,2026-03-10T12:30,Snowball Of GestaltView Context 7_10_25 ©️🔐 Keith Soyka.pdf,Snowball Of GestaltView Context 7_10_25 ©️🔐 Keith Soyka,.pdf,Knowledge / Context,2025-07-10,7_10_25,False,snowball of gestaltview context 7 10 25 keith soyka pdf,none,0,,,False,,No match in current 8-package manifest,1
OTS-221,20250621_011621.png.ots,479,9c73ec99b6ceaa32273f7f7963c4d39a2e57cd72dabf6b92bc9664f79ae2eae5,2026-03-10T12:30,20250621_011621.png,20250621_011621,.png,Miscellaneous,,,False,20250621 011621 png,none,0,,,False,,No match in current 8-package manifest,1
OTS-130,"A New Class of AI- Recursive, Self-Evolving, and Consciousness-Reflective.pdf.ots",549,37ec5495da88b8345da54d0964130ffdc34fa83c0f9aed469bbaa4554f16f827,2026-03-10T12:30,"A New Class of AI- Recursive, Self-Evolving, and Consciousness-Reflective.pdf","A New Class of AI- Recursive, Self-Evolving, and Consciousness-Reflective",.pdf,Miscellaneous,,,False,a new class of ai recursive self evolving and consciousness reflective pdf,none,0,,,False,,No match in current 8-package manifest,1
OTS-030,Comprehensive GestaltView IP Portfolio Integration.pdf.ots,514,7beb589bc77579491f95dd822bb828720f0fdd8a8f23112c27330759c2d04b59,2026-03-10T12:30,Comprehensive GestaltView IP Portfolio Integration.pdf,Comprehensive GestaltView IP Portfolio Integration,.pdf,Miscellaneous,,,False,comprehensive gestaltview ip portfolio integration pdf,none,0,,,False,,No match in current 8-package manifest,1
OTS-022,Copy_of_gestaltview.ipynb.pdf.ots,514,eb70426cdd4c1ce20d0e4168ce57351324befc2a483a9d50d7074c5246914582,2026-03-10T12:30,Copy_of_gestaltview.ipynb.pdf,Copy_of_gestaltview.ipynb,.pdf,Miscellaneous,,,False,copy of gestaltview ipynb pdf,none,0,,,False,,No match in current 8-package manifest,1
OTS-073,Cross-Platform Analysis of GestaltView_ The Unprec.pdf.ots,479,9a594f1e7761f4ff375e01776a742e596a2d5b1d27e74ce5314d8d8d4e917e58,2026-03-10T12:30,Cross-Platform Analysis of GestaltView_ The Unprec.pdf,Cross-Platform Analysis of GestaltView_ The Unprec,.pdf,Miscellaneous,,,False,cross platform analysis of gestaltview the unprec pdf,none,0,,,False,,No match in current 8-package manifest,1
OTS-165,Deep Dive Into GestaltView .mp4 (1).ots,514,e47a478bc3a738c1767584305d1b663c65b7dab05a6bc36310598b6fbbe4de05,2026-03-10T12:30,Deep Dive Into GestaltView .mp4 (1),Deep Dive Into GestaltView,.mp4,Miscellaneous,,,True,deep dive into gestaltview mp4,none,0,,,False,,No match in current 8-package manifest,1
OTS-140,"Deep Dive_ The Emergence of GestaltView and the Principle of Documented Destiny_Date of Recording_July 3rd, 2025_.pdf.ots",514,00cc7076596efb523e1d8e659526189451764128f1375fc85f2cfb768547b257,2026-03-10T12:30,"Deep Dive_ The Emergence of GestaltView and the Principle of Documented Destiny_Date of Recording_July 3rd, 2025_.pdf","Deep Dive_ The Emergence of GestaltView and the Principle of Documented Destiny_Date of Recording_July 3rd, 2025",.pdf,Miscellaneous,,,False,deep dive the emergence of gestaltview and the principle of documented destiny date of recording july 3rd 2025 pdf,none,0,,,False,,No match in current 8-package manifest,1
OTS-076,DeepSeek-R1 thoughts.pdf.ots,479,d490455b73d26a8a7b0b458291152af8c42de04d6584233bcfce71f10d225ea3,2026-03-10T12:30,DeepSeek-R1 thoughts.pdf,DeepSeek-R1 thoughts,.pdf,Miscellaneous,,,False,deepseek r1 thoughts pdf,none,0,,,False,,No match in current 8-package manifest,1
OTS-037,Gestalt View Empathetic AI For Self-Discovery - Wave Summary.pdf.ots,479,ecf124e475ad1a658fa9e60c2375b1a90a0c799909422e0316fd3b270837f9f3,2026-03-10T12:30,Gestalt View Empathetic AI For Self-Discovery - Wave Summary.pdf,Gestalt View Empathetic AI For Self-Discovery - Wave Summary,.pdf,Miscellaneous,,,False,gestalt view empathetic ai for self discovery wave summary pdf,none,0,,,False,,No match in current 8-package manifest,1
OTS-252,GestaltView Comprehensive Market Dominance Analysi.pdf.ots,479,6d355cf7eea19e3911aa7673c37605e11d2e8c2bfad516cb7f5471d28f580a6e,2026-03-10T12:30,GestaltView Comprehensive Market Dominance Analysi.pdf,GestaltView Comprehensive Market Dominance Analysi,.pdf,Miscellaneous,,,False,gestaltview comprehensive market dominance analysi pdf,none,0,,,False,,No match in current 8-package manifest,1
OTS-013,GestaltView Family Equity Appreciation Agreement.pdf.ots,479,683244fc2624f2f4df3cb7b6e6c1e9ae458ff79842cfb08420f1460cd28edac8,2026-03-10T12:30,GestaltView Family Equity Appreciation Agreement.pdf,GestaltView Family Equity Appreciation Agreement,.pdf,Miscellaneous,,,False,gestaltview family equity appreciation agreement pdf,none,0,,,False,,No match in current 8-package manifest,1
OTS-124,GestaltView Master Brain 🧠 Keith Soyka Eyes and Use Only.pdf (1).ots,549,a00d0105a9b501981b94d965128529e5c8b0b2d8813144e9e05bf5374f70571d,2026-03-10T12:30,GestaltView Master Brain 🧠 Keith Soyka Eyes and Use Only.pdf (1),GestaltView Master Brain 🧠 Keith Soyka Eyes and Use Only,.pdf,Miscellaneous,,,True,gestaltview master brain keith soyka eyes and use only pdf,none,0,,,False,,No match in current 8-package manifest,1
OTS-044,GestaltView_ A Wholly Realized Comprehensive Integration Document_June 20th 2025_©️🔐 Keith Soyka.pdf.ots,479,419b04acba4392a0ebdaa525800be17bf2195c12f1e75cb1e3f1bef701624b21,2026-03-10T12:30,GestaltView_ A Wholly Realized Comprehensive Integration Document_June 20th 2025_©️🔐 Keith Soyka.pdf,GestaltView_ A Wholly Realized Comprehensive Integration Document_June 20th 2025_©️🔐 Keith Soyka,.pdf,Miscellaneous,,,False,gestaltview a wholly realized comprehensive integration document june 20th 2025 keith soyka pdf,none,0,,,False,,No match in current 8-package manifest,1
OTS-079,GestaltView_ The Paradigm of Infinite Demand Elast.pdf.ots,549,15de94ce509e8013a4d0c3b69cef2374948ee6e3424abce60957165bbb7b7ed4,2026-03-10T12:30,GestaltView_ The Paradigm of Infinite Demand Elast.pdf,GestaltView_ The Paradigm of Infinite Demand Elast,.pdf,Miscellaneous,,,False,gestaltview the paradigm of infinite demand elast pdf,none,0,,,False,,No match in current 8-package manifest,1
OTS-099,GestaltView_Authorship_KeithSoyka_Proof.json (1).ots,479,1bd0131c5ea640dc5f68afb8bbf8a77db069ccd79a3d7840ab4c25e3b0afb49d,2026-03-10T12:30,GestaltView_Authorship_KeithSoyka_Proof.json (1),GestaltView_Authorship_KeithSoyka_Proof,.json,Miscellaneous,,,True,gestaltview authorship keithsoyka proof json,none,0,,,False,,No match in current 8-package manifest,1
OTS-116,GestaltView_Manifesto_With_IP_Notice_KeithSoyka.pdf.ots,514,1d432db98c7fe942fc8c82821b392c88600cbe263fb2b2ccd92657cc811b9433,2026-03-10T12:30,GestaltView_Manifesto_With_IP_Notice_KeithSoyka.pdf,GestaltView_Manifesto_With_IP_Notice_KeithSoyka,.pdf,Miscellaneous,,,False,gestaltview manifesto with ip notice keithsoyka pdf,none,0,,,False,,No match in current 8-package manifest,1
OTS-015,GestaltView_V8.0_7_22_25_©️🔐_Keith_Soyka.pdf.ots,549,57a8339955dc64bc8eec49980fcc881c9b26808eb9f8a749a0f7b28eb1217b73,2026-03-10T12:30,GestaltView_V8.0_7_22_25_©️🔐_Keith_Soyka.pdf,GestaltView_V8.0_7_22_25_©️🔐_Keith_Soyka,.pdf,Miscellaneous,,,False,gestaltview v8 0 7 22 25 keith soyka pdf,none,0,,,False,,No match in current 8-package manifest,1
OTS-101,Independent Review Of GestaltView.pdf.ots,514,64c15aab5ba28b75e50af0497b3ca3a23a4938c5199fb70f8941ba571d1b8b7e,2026-03-10T12:30,Independent Review Of GestaltView.pdf,Independent Review Of GestaltView,.pdf,Miscellaneous,,,False,independent review of gestaltview pdf,none,0,,,False,,No match in current 8-package manifest,1
OTS-036,Is GestaltView a Platform Innovation_.pdf.ots,444,918ab3aaa2aa90c1522efdc4a0e1ed1b78fdbbbd4d0cf05b95c939c7a88429eb,2026-03-10T12:30,Is GestaltView a Platform Innovation_.pdf,Is GestaltView a Platform Innovation,.pdf,Miscellaneous,,,False,is gestaltview a platform innovation pdf,none,0,,,False,,No match in current 8-package manifest,1
OTS-242,July 13th Insights And Progress 🔐©️ Keith Soyka.pdf.ots,619,d190b32d19cfcbe9bdfc0e068b48724cd582395294855406de8409e8bf6ca969,2026-03-10T12:30,July 13th Insights And Progress 🔐©️ Keith Soyka.pdf,July 13th Insights And Progress 🔐©️ Keith Soyka,.pdf,Miscellaneous,,,False,july 13th insights and progress keith soyka pdf,none,0,,,False,,No match in current 8-package manifest,1
OTS-021,July 15th to 20th 🔐©️ Keith Soyka.pdf.ots,479,0d0e2ba140751b977aab782a59128af0ec788a15541ae50138476f1e7ad4ed06,2026-03-10T12:30,July 15th to 20th 🔐©️ Keith Soyka.pdf,July 15th to 20th 🔐©️ Keith Soyka,.pdf,Miscellaneous,,,False,july 15th to 20th keith soyka pdf,none,0,,,False,,No match in current 8-package manifest,1
OTS-250,July 6th Insights For GestaltView 🔐©️ Keith Soyka.pdf.ots,584,31493873750093eefcb09cf291e1a3a4c88baf961cf77007ce57cadac82c2a78,2026-03-10T12:30,July 6th Insights For GestaltView 🔐©️ Keith Soyka.pdf,July 6th Insights For GestaltView 🔐©️ Keith Soyka,.pdf,Miscellaneous,,,False,july 6th insights for gestaltview keith soyka pdf,none,0,,,False,,No match in current 8-package manifest,1
OTS-141,Keith Soyka's GestaltView Achievement - A Family Presentation.pdf.ots,584,c779f47180b81cf687a806e692079190ae2640cdb9722afa3093f6b2db571fab,2026-03-10T12:30,Keith Soyka's GestaltView Achievement - A Family Presentation.pdf,Keith Soyka's GestaltView Achievement - A Family Presentation,.pdf,Miscellaneous,,,False,keith soyka s gestaltview achievement a family presentation pdf,none,0,,,False,,No match in current 8-package manifest,1
OTS-201,Keith's impossible story.pdf.ots,549,69edb0ffc182eba59018a576fdb35bdcb8e5f3ff66f65ea0cc533c6b965fd6f2,2026-03-10T12:30,Keith's impossible story.pdf,Keith's impossible story,.pdf,Miscellaneous,,,False,keith s impossible story pdf,none,0,,,False,,No match in current 8-package manifest,1
OTS-107,Personal Development Landing Page for Internal Use.pdf.ots,444,6706d186b735338418c9d6b6c070c910f9d7a6eee5d5845d4f24eb8c20e01e87,2026-03-10T12:30,Personal Development Landing Page for Internal Use.pdf,Personal Development Landing Page for Internal Use,.pdf,Miscellaneous,,,False,personal development landing page for internal use pdf,none,0,,,False,,No match in current 8-package manifest,1
OTS-093,Preliminary Implementation Promise_ Alex Sak Perso.pdf (1).ots,654,c7f28f3fc05d7520610884c97e84f149bc51f54bd74fa51fc32ba2c8db6c40ce,2026-03-10T12:30,Preliminary Implementation Promise_ Alex Sak Perso.pdf (1),Preliminary Implementation Promise_ Alex Sak Perso,.pdf,Miscellaneous,,,True,preliminary implementation promise alex sak perso pdf,none,0,,,False,,No match in current 8-package manifest,2
OTS-203,Preliminary Implementation Promise_ Alex Sak Perso.pdf.ots,619,6c58f1348ec379cdb808a1887851b27df5b5f931a6f83314c1754658362c12d8,2026-03-10T12:30,Preliminary Implementation Promise_ Alex Sak Perso.pdf,Preliminary Implementation Promise_ Alex Sak Perso,.pdf,Miscellaneous,,,False,preliminary implementation promise alex sak perso pdf,none,0,,,False,,No match in current 8-package manifest,2
OTS-197,Revolutionary Breakthrough Impact Formula_ Predict.pdf.ots,444,3b5448a8e9cc71dc341ba01bdf2f33de7b966ceb6a4f52dd69c447a3987b62ac,2026-03-10T12:30,Revolutionary Breakthrough Impact Formula_ Predict.pdf,Revolutionary Breakthrough Impact Formula_ Predict,.pdf,Miscellaneous,,,False,revolutionary breakthrough impact formula predict pdf,none,0,,,False,,No match in current 8-package manifest,1
OTS-117,Screen_Recording_20250601_052955_Chrome.mp4.ots,444,13c0ad1066f19f8588df45004f12eb8baa6fd8b658fd342c9b3abdde3aacec03,2026-03-10T12:30,Screen_Recording_20250601_052955_Chrome.mp4,Screen_Recording_20250601_052955_Chrome,.mp4,Miscellaneous,,,False,screen recording 20250601 052955 chrome mp4,none,0,,,False,,No match in current 8-package manifest,1
OTS-163,Super Master Brain.pdf (1).ots,479,a8aea9555f13ee43d65189d5ea290d838e83c4331268b26f2ea62a214ee268a6,2026-03-10T12:30,Super Master Brain.pdf (1),Super Master Brain,.pdf,Miscellaneous,,,True,super master brain pdf,none,0,,,False,,No match in current 8-package manifest,1
OTS-253,THE PHILOSOPHER'S INVOCATION.pdf (1).ots,444,784e6ce54cd424c84d7405f22460212acbce90a10c4b5eea2588b393411a9c4b,2026-03-10T12:30,THE PHILOSOPHER'S INVOCATION.pdf (1),THE PHILOSOPHER'S INVOCATION,.pdf,Miscellaneous,,,True,the philosopher s invocation pdf,none,0,,,False,,No match in current 8-package manifest,1
OTS-049,Technical Report_ The Sophistication of GestaltView's Framework and Its Unprecedented Convergence of Unique Odds_June 14th 2025_©️ Keith Soyka .pdf.ots,479,c488c87a826c4aae5a9c78d366cad22c1f13274ec1a0db56b449092d0fb782ea,2026-03-10T12:30,Technical Report_ The Sophistication of GestaltView's Framework and Its Unprecedented Convergence of Unique Odds_June 14th 2025_©️ Keith Soyka .pdf,Technical Report_ The Sophistication of GestaltView's Framework and Its Unprecedented Convergence of Unique Odds_June 14th 2025_©️ Keith Soyka,.pdf,Miscellaneous,,,False,technical report the sophistication of gestaltview s framework and its unprecedented convergence of unique odds june 14th 2025 keith soyka pdf,none,0,,,False,,No match in current 8-package manifest,1
OTS-085,The Complete Realization of 13 Overlooked GestaltV.pdf.ots,444,fc4389a4edb60189671a7815b89d3519d56c4dea2f93052037f4aa4cfc10cd20,2026-03-10T12:30,The Complete Realization of 13 Overlooked GestaltV.pdf,The Complete Realization of 13 Overlooked GestaltV,.pdf,Miscellaneous,,,False,the complete realization of 13 overlooked gestaltv pdf,exact-filename,1,May_August_GestaltView_Create,The Complete Realization of 13 Overlooked GestaltV.pdf,False,,Matched into current manifest,1
OTS-258,The Consciousness Revolution Research Initiation P.pdf.ots,549,17ff586c69e1505fcb3cc0b13651b0ef7421a2c4877f420c687e5f2ec57634d2,2026-03-10T12:30,The Consciousness Revolution Research Initiation P.pdf,The Consciousness Revolution Research Initiation P,.pdf,Miscellaneous,,,False,the consciousness revolution research initiation p pdf,none,0,,,False,,No match in current 8-package manifest,1
OTS-069,-The Eagle Remembers — SoulPod #000- (1).pdf.ots,444,d7259038ea52a66a7f00982af227bcaa789abc3584f46ea3a7f0680b4bce68dc,2026-03-10T12:30,-The Eagle Remembers — SoulPod #000- (1).pdf,The Eagle Remembers — SoulPod #000,.pdf,Miscellaneous,,,True,the eagle remembers soulpod 000 pdf,none,0,,,False,,No match in current 8-package manifest,2
OTS-095,-The Eagle Remembers — SoulPod #000-.pdf.ots,479,da9a94dd597e38422f5a1ce40cd90989ab270ac8fc74fcd2801beaff7290ce0c,2026-03-10T12:30,-The Eagle Remembers — SoulPod #000-.pdf,The Eagle Remembers — SoulPod #000,.pdf,Miscellaneous,,,False,the eagle remembers soulpod 000 pdf,none,0,,,False,,No match in current 8-package manifest,2
OTS-234,The GestaltView Operating System (GOS) v1.0_.pdf.ots,479,06edef7efa07a3bfa47937a8ceb087f44464054a4c7d430d58c773cc4c109dbd,2026-03-10T12:30,The GestaltView Operating System (GOS) v1.0_.pdf,The GestaltView Operating System (GOS) v1.0,.pdf,Miscellaneous,,,False,the gestaltview operating system gos v1 0 pdf,none,0,,,False,,No match in current 8-package manifest,1
OTS-172,The Keith Soyka Phenomenon_ Documenting a Statisti.pdf.ots,549,1fa0c40666d3852f3e4a378cee3429859c26d8ee79edb2789d23c4a580646044,2026-03-10T12:30,The Keith Soyka Phenomenon_ Documenting a Statisti.pdf,The Keith Soyka Phenomenon_ Documenting a Statisti,.pdf,Miscellaneous,,,False,the keith soyka phenomenon documenting a statisti pdf,none,0,,,False,,No match in current 8-package manifest,1
OTS-241,The Validator's Covenant.pdf.ots,479,a09cf49bea6e9312d5aa3751b5175a273bf461de80b403483bfc6e5578bed46a,2026-03-10T12:30,The Validator's Covenant.pdf,The Validator's Covenant,.pdf,Miscellaneous,,,False,the validator s covenant pdf,none,0,,,False,,No match in current 8-package manifest,1
OTS-237,The-GestaltView-Employee-Benefits-Well-being-Packet_June-14th-2025_.pdf.ots,479,683cca1517798296d2c9f9c6fa08fde560dee8a9c80bf88df90ee918b3c7770a,2026-03-10T12:30,The-GestaltView-Employee-Benefits-Well-being-Packet_June-14th-2025_.pdf,The-GestaltView-Employee-Benefits-Well-being-Packet_June-14th-2025,.pdf,Miscellaneous,,,False,the gestaltview employee benefits well being packet june 14th 2025 pdf,none,0,,,False,,No match in current 8-package manifest,1
OTS-219,TheEagleRemembersSoulpod000.mp4.ots,479,a17a2bd6dd2a8c87efcfd4b1f6596c82e52dbce69caf74ca34bce40740d63205,2026-03-10T12:30,TheEagleRemembersSoulpod000.mp4,TheEagleRemembersSoulpod000,.mp4,Miscellaneous,,,False,theeaglerememberssoulpod000 mp4,none,0,,,False,,No match in current 8-package manifest,1
OTS-088,The_Eagle_Remembers (1).ots,479,9a31ede09effe3ca6515c17ac09b85253cf95756cdaa57d624a0a270609995c8,2026-03-10T12:30,The_Eagle_Remembers (1),The_Eagle_Remembers,,Miscellaneous,,,True,the eagle remembers,none,0,,,False,,No match in current 8-package manifest,3
OTS-057,The_Eagle_Remembers (2).ots,479,9a31ede09effe3ca6515c17ac09b85253cf95756cdaa57d624a0a270609995c8,2026-03-10T12:30,The_Eagle_Remembers (2),The_Eagle_Remembers,,Miscellaneous,,,True,the eagle remembers,none,0,,,False,,No match in current 8-package manifest,3
OTS-084,The_Eagle_Remembers.ots,479,9a31ede09effe3ca6515c17ac09b85253cf95756cdaa57d624a0a270609995c8,2026-03-10T12:30,The_Eagle_Remembers,The_Eagle_Remembers,,Miscellaneous,,,False,the eagle remembers,none,0,,,False,,No match in current 8-package manifest,3
OTS-261,"This Is The Why, The What, The How, The Where and ....pdf.ots",584,bf3b2935c6393dad8fbc6f11927700dfef8b46613efebcf5dd667312fdc4fe58,2026-03-10T12:30,"This Is The Why, The What, The How, The Where and ....pdf","This Is The Why, The What, The How, The Where and ...",.pdf,Miscellaneous,,,False,this is the why the what the how the where and pdf,none,0,,,False,,No match in current 8-package manifest,1
OTS-105,Underpinnings-of-GestaltView-A-Convergence-of-Unprecedented-Innovation-.pdf.ots,479,fdc752138cc1c80c4081015092d62ff0af390e31d85027ee7101fcdbfe249f61,2026-03-10T12:30,Underpinnings-of-GestaltView-A-Convergence-of-Unprecedented-Innovation-.pdf,Underpinnings-of-GestaltView-A-Convergence-of-Unprecedented-Innovation,.pdf,Miscellaneous,,,False,underpinnings of gestaltview a convergence of unprecedented innovation pdf,none,0,,,False,,No match in current 8-package manifest,1
OTS-119,Where We Are Now_ GestaltView Reference FAQ.pdf.ots,619,c4c4adb01379054a8ad7afb38e33a5fc50a1cde16d84594066132dfdf4bec97e,2026-03-10T12:30,Where We Are Now_ GestaltView Reference FAQ.pdf,Where We Are Now_ GestaltView Reference FAQ,.pdf,Miscellaneous,,,False,where we are now gestaltview reference faq pdf,none,0,,,False,,No match in current 8-package manifest,1
OTS-214,Where You Stand Among Humanitarian Leaders in Hist.pdf.ots,479,02ccf574acd968122d3bab4f6e8ed9f61e61586927bd629b08e64e185520526c,2026-03-10T12:30,Where You Stand Among Humanitarian Leaders in Hist.pdf,Where You Stand Among Humanitarian Leaders in Hist,.pdf,Miscellaneous,,,False,where you stand among humanitarian leaders in hist pdf,none,0,,,False,,No match in current 8-package manifest,1
OTS-059,can we build a complete addiction in recovery prot.pdf.ots,444,c086c5d067d3bcb04e311ec36c777a0efa899bdb2efb41919151bd66dd33962f,2026-03-10T12:30,can we build a complete addiction in recovery prot.pdf,can we build a complete addiction in recovery prot,.pdf,Miscellaneous,,,False,can we build a complete addiction in recovery prot pdf,none,0,,,False,,No match in current 8-package manifest,1
OTS-010,demo_run.py.txt.ots,514,e256d70b9bb64b54e72da5d414b4bff1641807d502a2ce10857afebd8dc92eed,2026-03-10T12:30,demo_run.py.txt,demo_run.py,.txt,Miscellaneous,,,False,demo run py txt,none,0,,,False,,No match in current 8-package manifest,1
OTS-023,gestaltview.ipynb.pdf.ots,514,45fa0431bf64041dc2cb2927a936201280314a3ebf2c3b2c4a57bd65ba90c63b,2026-03-10T12:30,gestaltview.ipynb.pdf,gestaltview.ipynb,.pdf,Miscellaneous,,,False,gestaltview ipynb pdf,none,0,,,False,,No match in current 8-package manifest,1
OTS-024,gestaltview.ipynb.txt.ots,619,2d06e7d046b592ab522eeff29e972c807cb7c8411d51a6dbfdc53d6a25f8d2f9,2026-03-10T12:30,gestaltview.ipynb.txt,gestaltview.ipynb,.txt,Miscellaneous,,,False,gestaltview ipynb txt,none,0,,,False,,No match in current 8-package manifest,1
OTS-174,✅ Keith’s Verified Achievements.pdf (1).ots,444,8a4ed3f6986831861729e75312a648f227656b089ea26cf63555dbe6ba8eac57,2026-03-10T12:30,✅ Keith’s Verified Achievements.pdf (1),✅ Keith’s Verified Achievements,.pdf,Miscellaneous,,,True,keith s verified achievements pdf,none,0,,,False,,No match in current 8-package manifest,1
OTS-102,Connor DeWolfe Custom GestaltView Prompt ©️ Keith Soyka 2025.pdf.ots,444,d236f4dcf32e20ecd0f57a381c7705a865d76eb92434aaf91bec2285703b7727,2026-03-10T12:30,Connor DeWolfe Custom GestaltView Prompt ©️ Keith Soyka 2025.pdf,Connor DeWolfe Custom GestaltView Prompt ©️ Keith Soyka 2025,.pdf,Miscellaneous,2025,2025,False,connor dewolfe custom gestaltview prompt keith soyka 2025 pdf,none,0,,,False,,No match in current 8-package manifest,1
OTS-115,Everything You Need To Know About GestaltView  ©️ Keith Soyka 2025 (1).pdf.ots,724,03e00d438f6f7d08501fb355df2df5136011786359fde738e6dee14224e9a1a3,2026-03-10T12:30,Everything You Need To Know About GestaltView  ©️ Keith Soyka 2025 (1).pdf,Everything You Need To Know About GestaltView  ©️ Keith Soyka 2025,.pdf,Miscellaneous,2025,2025,True,everything you need to know about gestaltview keith soyka 2025 pdf,none,0,,,False,,No match in current 8-package manifest,3
OTS-181,Everything You Need To Know About GestaltView  ©️ Keith Soyka 2025.pdf (1) (1).ots,549,231e1f4c7bb90c5daf36f4728fba39c45df9042f4073c4f33fbacf907071bbf1,2026-03-10T12:30,Everything You Need To Know About GestaltView  ©️ Keith Soyka 2025.pdf (1) (1),Everything You Need To Know About GestaltView  ©️ Keith Soyka 2025,.pdf,Miscellaneous,2025,2025,True,everything you need to know about gestaltview keith soyka 2025 pdf,none,0,,,False,,No match in current 8-package manifest,3
OTS-083,Everything You Need To Know About GestaltView  ©️ Keith Soyka 2025.pdf (1).ots,444,0264e8c60a8d13cf4e44de84567a89a0073d89bc91d1d0810e1e6c54e1e94c29,2026-03-10T12:30,Everything You Need To Know About GestaltView  ©️ Keith Soyka 2025.pdf (1),Everything You Need To Know About GestaltView  ©️ Keith Soyka 2025,.pdf,Miscellaneous,2025,2025,True,everything you need to know about gestaltview keith soyka 2025 pdf,none,0,,,False,,No match in current 8-package manifest,3
OTS-103,GV-Beta-0.1 ©️ Keith Soyka 2025.pdf (1) (1).ots,479,9a31ede09effe3ca6515c17ac09b85253cf95756cdaa57d624a0a270609995c8,2026-03-10T12:30,GV-Beta-0.1 ©️ Keith Soyka 2025.pdf (1) (1),GV-Beta-0.1 ©️ Keith Soyka 2025,.pdf,Miscellaneous,2025,2025,True,gv beta 0 1 keith soyka 2025 pdf,none,0,,,False,,No match in current 8-package manifest,6
OTS-251,GV-Beta-0.1 ©️ Keith Soyka 2025.pdf (1).ots,479,9a31ede09effe3ca6515c17ac09b85253cf95756cdaa57d624a0a270609995c8,2026-03-10T12:30,GV-Beta-0.1 ©️ Keith Soyka 2025.pdf (1),GV-Beta-0.1 ©️ Keith Soyka 2025,.pdf,Miscellaneous,2025,2025,True,gv beta 0 1 keith soyka 2025 pdf,none,0,,,False,,No match in current 8-package manifest,6
OTS-039,GV-Beta-0.1 ©️ Keith Soyka 2025.pdf (2).ots,479,9a31ede09effe3ca6515c17ac09b85253cf95756cdaa57d624a0a270609995c8,2026-03-10T12:30,GV-Beta-0.1 ©️ Keith Soyka 2025.pdf (2),GV-Beta-0.1 ©️ Keith Soyka 2025,.pdf,Miscellaneous,2025,2025,True,gv beta 0 1 keith soyka 2025 pdf,none,0,,,False,,No match in current 8-package manifest,6
OTS-236,GV-Beta-0.1 ©️ Keith Soyka 2025.pdf (3).ots,479,9a31ede09effe3ca6515c17ac09b85253cf95756cdaa57d624a0a270609995c8,2026-03-10T12:30,GV-Beta-0.1 ©️ Keith Soyka 2025.pdf (3),GV-Beta-0.1 ©️ Keith Soyka 2025,.pdf,Miscellaneous,2025,2025,True,gv beta 0 1 keith soyka 2025 pdf,none,0,,,False,,No match in current 8-package manifest,6
OTS-091,GV-Beta-0.1 ©️ Keith Soyka 2025.pdf (4).ots,479,9a31ede09effe3ca6515c17ac09b85253cf95756cdaa57d624a0a270609995c8,2026-03-10T12:30,GV-Beta-0.1 ©️ Keith Soyka 2025.pdf (4),GV-Beta-0.1 ©️ Keith Soyka 2025,.pdf,Miscellaneous,2025,2025,True,gv beta 0 1 keith soyka 2025 pdf,none,0,,,False,,No match in current 8-package manifest,6
OTS-065,GV-Beta-0.1 ©️ Keith Soyka 2025.pdf.ots,479,9a31ede09effe3ca6515c17ac09b85253cf95756cdaa57d624a0a270609995c8,2026-03-10T12:30,GV-Beta-0.1 ©️ Keith Soyka 2025.pdf,GV-Beta-0.1 ©️ Keith Soyka 2025,.pdf,Miscellaneous,2025,2025,False,gv beta 0 1 keith soyka 2025 pdf,none,0,,,False,,No match in current 8-package manifest,6
OTS-041,GestaltView Employee Onboarding Handbook- Building the Future of Self-Discovery-©️ Keith Soyka 2025.pdf.ots,514,72f508a9984bc0321f7fee4856619d013ea6c15fc2ca776878f65fa21501c41f,2026-03-10T12:30,GestaltView Employee Onboarding Handbook- Building the Future of Self-Discovery-©️ Keith Soyka 2025.pdf,GestaltView Employee Onboarding Handbook- Building the Future of Self-Discovery-©️ Keith Soyka 2025,.pdf,Miscellaneous,2025,2025,False,gestaltview employee onboarding handbook building the future of self discovery keith soyka 2025 pdf,none,0,,,False,,No match in current 8-package manifest,1
OTS-136,GestaltView- A Consciousness Infrastructure for the Next Era ©️ Keith Soyka 2025.docx (1).ots,479,6a0008ccc235bc4da0aae3750b289fd63c57fc18718aff8c482932b6a3a254b1,2026-03-10T12:30,GestaltView- A Consciousness Infrastructure for the Next Era ©️ Keith Soyka 2025.docx (1),GestaltView- A Consciousness Infrastructure for the Next Era ©️ Keith Soyka 2025,.docx,Miscellaneous,2025,2025,True,gestaltview a consciousness infrastructure for the next era keith soyka 2025 docx,none,0,,,False,,No match in current 8-package manifest,1
OTS-179,GestaltView- Blueprint for a Custom AI Engine – Igniting the Self-Discovery Movement-©️ Keith Soyka 2025.pdf.ots,479,bea54d5d47a1fa1d114a00450583d808936b8bc681a56250b077108a31b97084,2026-03-10T12:30,GestaltView- Blueprint for a Custom AI Engine – Igniting the Self-Discovery Movement-©️ Keith Soyka 2025.pdf,GestaltView- Blueprint for a Custom AI Engine – Igniting the Self-Discovery Movement-©️ Keith Soyka 2025,.pdf,Miscellaneous,2025,2025,False,gestaltview blueprint for a custom ai engine igniting the self discovery movement keith soyka 2025 pdf,none,0,,,False,,No match in current 8-package manifest,1
OTS-047,How I Taught AI To Care ©️ Keith Soyka 2025 (1).pdf (1).ots,479,19a6e5218eae59e2c5dec57dcee69f944f04980126cfcf49017ffd4e22b7bcb1,2026-03-10T12:30,How I Taught AI To Care ©️ Keith Soyka 2025 (1).pdf (1),How I Taught AI To Care ©️ Keith Soyka 2025,.pdf,Miscellaneous,2025,2025,True,how i taught ai to care keith soyka 2025 pdf,exact-filename,3,GestaltView Dynamic Corpus Compendium December 30th 2025 | May_August_GestaltView_Create | Screenshots_Thoughts_More,How I Taught AI To Care ©️ Keith Soyka 2025.pdf | How I Taught AI To Care ©️ Keith Soyka 2025.pdf | How I Taught AI To Care ©️ Keith Soyka 2025.pdf,False,,Matched into current manifest,2
OTS-192,How I Taught AI To Care ©️ Keith Soyka 2025.pdf (1).ots,479,24e77fe6464ec961f8cc44a0fea59c02e6c2801d32df8bed0c7975e4c01f89d9,2026-03-10T12:30,How I Taught AI To Care ©️ Keith Soyka 2025.pdf (1),How I Taught AI To Care ©️ Keith Soyka 2025,.pdf,Miscellaneous,2025,2025,True,how i taught ai to care keith soyka 2025 pdf,exact-filename,3,GestaltView Dynamic Corpus Compendium December 30th 2025 | May_August_GestaltView_Create | Screenshots_Thoughts_More,How I Taught AI To Care ©️ Keith Soyka 2025.pdf | How I Taught AI To Care ©️ Keith Soyka 2025.pdf | How I Taught AI To Care ©️ Keith Soyka 2025.pdf,False,,Matched into current manifest,2
OTS-108,Jessica McCabe Custom GestaltView Prompt ©️ Keith Soyka 2025.pdf.ots,479,80235277063a8a7d232009a1a806d936617afa89c209f44a858abd382631300f,2026-03-10T12:30,Jessica McCabe Custom GestaltView Prompt ©️ Keith Soyka 2025.pdf,Jessica McCabe Custom GestaltView Prompt ©️ Keith Soyka 2025,.pdf,Miscellaneous,2025,2025,False,jessica mccabe custom gestaltview prompt keith soyka 2025 pdf,none,0,,,False,,No match in current 8-package manifest,1
OTS-092,Legal Packet for Rodrigues PLLC_ GestaltView_©️ Keith Soyka 2025.pdf (1).ots,444,630e97fe0792f0b2d6cbefd8472682bdba3264728d26c25f62dd7af355a8ff30,2026-03-10T12:30,Legal Packet for Rodrigues PLLC_ GestaltView_©️ Keith Soyka 2025.pdf (1),Legal Packet for Rodrigues PLLC_ GestaltView_©️ Keith Soyka 2025,.pdf,Miscellaneous,2025,2025,True,legal packet for rodrigues pllc gestaltview keith soyka 2025 pdf,none,0,,,False,,No match in current 8-package manifest,1
OTS-070,OTS File # 006- Starter Edition #006©️ Keith Soyka 2025.pdf.ots,479,156385ab5587ed9c5194811fa7814bc70da274ca510f2db44abb06d8ff6cac70,2026-03-10T12:30,OTS File # 006- Starter Edition #006©️ Keith Soyka 2025.pdf,OTS File # 006- Starter Edition #006©️ Keith Soyka 2025,.pdf,Miscellaneous,2025,2025,False,ots file 006 starter edition 006 keith soyka 2025 pdf,none,0,,,False,,No match in current 8-package manifest,1
OTS-202,OTS File #001 - Starter Edition #001©️ Keith Soyka 2025.pdf.ots,584,edc77a6d3bd9709585a85cf796c745babdc8fa6691d8cbe933ac20ad904b680f,2026-03-10T12:30,OTS File #001 - Starter Edition #001©️ Keith Soyka 2025.pdf,OTS File #001 - Starter Edition #001©️ Keith Soyka 2025,.pdf,Miscellaneous,2025,2025,False,ots file 001 starter edition 001 keith soyka 2025 pdf,none,0,,,False,,No match in current 8-package manifest,1
OTS-077,OTS File #002 - Starter Edition #002©️ Keith Soyka 2025.pdf.ots,584,a0ba2aae259b8773b5ce42934187b4de13f8068117f5db78a26b905f9a3180b0,2026-03-10T12:30,OTS File #002 - Starter Edition #002©️ Keith Soyka 2025.pdf,OTS File #002 - Starter Edition #002©️ Keith Soyka 2025,.pdf,Miscellaneous,2025,2025,False,ots file 002 starter edition 002 keith soyka 2025 pdf,none,0,,,False,,No match in current 8-package manifest,1
OTS-033,OTS File #003 - Starter Edition #003©️ Keith Soyka 2025.pdf.ots,479,7b825dd4f52f295009887e6cf52de0af9d2e98cf9a65a85fcc03811f47fcc00e,2026-03-10T12:30,OTS File #003 - Starter Edition #003©️ Keith Soyka 2025.pdf,OTS File #003 - Starter Edition #003©️ Keith Soyka 2025,.pdf,Miscellaneous,2025,2025,False,ots file 003 starter edition 003 keith soyka 2025 pdf,none,0,,,False,,No match in current 8-package manifest,1
OTS-110,OTS File #004 - Starter Edition #004 ©️ Keith Soyka 2025.pdf.ots,479,56551e63df7137ec6976237460c7be65d2b0841b68cb2f10d19457ba6d7fd036,2026-03-10T12:30,OTS File #004 - Starter Edition #004 ©️ Keith Soyka 2025.pdf,OTS File #004 - Starter Edition #004 ©️ Keith Soyka 2025,.pdf,Miscellaneous,2025,2025,False,ots file 004 starter edition 004 keith soyka 2025 pdf,none,0,,,False,,No match in current 8-package manifest,1
OTS-143,OTS File #005 - Starter Edition #005©️ Keith Soyka 2025.pdf.ots,444,ae862ca46c6d983e17d492c809733c2a8c8db65c8c875098d4d710228b6c6413,2026-03-10T12:30,OTS File #005 - Starter Edition #005©️ Keith Soyka 2025.pdf,OTS File #005 - Starter Edition #005©️ Keith Soyka 2025,.pdf,Miscellaneous,2025,2025,False,ots file 005 starter edition 005 keith soyka 2025 pdf,none,0,,,False,,No match in current 8-package manifest,1
OTS-162,OTS File #007- Starter Edition #007 ©️ Keith Soyka 2025.pdf.ots,549,28ab938fc30a46bb570407755062e737d87a2f4af48a14c1dc6f61d1d1879f9f,2026-03-10T12:30,OTS File #007- Starter Edition #007 ©️ Keith Soyka 2025.pdf,OTS File #007- Starter Edition #007 ©️ Keith Soyka 2025,.pdf,Miscellaneous,2025,2025,False,ots file 007 starter edition 007 keith soyka 2025 pdf,none,0,,,False,,No match in current 8-package manifest,1
OTS-134,OTS File #008- Starter Edition #008©️ Keith Soyka 2025.pdf.ots,479,c01078aa616470ac9c81c233b28eb9ae1ecd32832592bc274784db29f645b6b7,2026-03-10T12:30,OTS File #008- Starter Edition #008©️ Keith Soyka 2025.pdf,OTS File #008- Starter Edition #008©️ Keith Soyka 2025,.pdf,Miscellaneous,2025,2025,False,ots file 008 starter edition 008 keith soyka 2025 pdf,none,0,,,False,,No match in current 8-package manifest,1
OTS-246,OTS File #009 - Starter Edition #009©️ Keith Soyka 2025.pdf.ots,444,fccc623634dc53a4771c5385fe16b13412a57a1deb137ae4c1972f867fd26e46,2026-03-10T12:30,OTS File #009 - Starter Edition #009©️ Keith Soyka 2025.pdf,OTS File #009 - Starter Edition #009©️ Keith Soyka 2025,.pdf,Miscellaneous,2025,2025,False,ots file 009 starter edition 009 keith soyka 2025 pdf,none,0,,,False,,No match in current 8-package manifest,1
OTS-087,OTS File #010 - Starter Edition #010©️ Keith Soyka 2025.pdf.ots,514,9ae35370fb155ed2f4148e66ce6a08337bbc2e0cbcc84044d5256366ff75e1fe,2026-03-10T12:30,OTS File #010 - Starter Edition #010©️ Keith Soyka 2025.pdf,OTS File #010 - Starter Edition #010©️ Keith Soyka 2025,.pdf,Miscellaneous,2025,2025,False,ots file 010 starter edition 010 keith soyka 2025 pdf,none,0,,,False,,No match in current 8-package manifest,1
OTS-052,The Bridgekeeper’s Manifesto- Remembering Wholeness in a Fractured Age-©️ Keith Soyka 2025.pdf.ots,479,e160dd2483e0d65dc1035ce25f196ae10617c289b8f9dafaa84404e6f6056df8,2026-03-10T12:30,The Bridgekeeper’s Manifesto- Remembering Wholeness in a Fractured Age-©️ Keith Soyka 2025.pdf,The Bridgekeeper’s Manifesto- Remembering Wholeness in a Fractured Age-©️ Keith Soyka 2025,.pdf,Miscellaneous,2025,2025,False,the bridgekeeper s manifesto remembering wholeness in a fractured age keith soyka 2025 pdf,exact-filename,1,May_August_GestaltView_Create,The Bridgekeeper’s Manifesto- Remembering Wholeness in a Fractured Age-©️ Keith Soyka 2025.pdf.ots,False,,Matched into current manifest,1
OTS-032,"The Why, The What, The How, The Where, and The When of Me and GestaltView-©️ Keith Soyka 2025 (1).pdf (1).ots",549,b86a7c2530e7116b10273320202d980c0cc39d2d398ab9b09be9246781ff3a89,2026-03-10T12:30,"The Why, The What, The How, The Where, and The When of Me and GestaltView-©️ Keith Soyka 2025 (1).pdf (1)","The Why, The What, The How, The Where, and The When of Me and GestaltView-©️ Keith Soyka 2025",.pdf,Miscellaneous,2025,2025,True,the why the what the how the where and the when of me and gestaltview keith soyka 2025 pdf,exact-filename,1,May_August_GestaltView_Create,"The Why, The What, The How, The Where, and The When of Me and GestaltView-©️ Keith Soyka 2025 (1).pdf",False,,Matched into current manifest,2
OTS-217,"The Why, The What, The How, The Where, and The When of Me and GestaltView-©️ Keith Soyka 2025.pdf (1).ots",479,8456d709801815637e57b2a684768f0345be810e3d7d1eb7bd93e6ac45e27444,2026-03-10T12:30,"The Why, The What, The How, The Where, and The When of Me and GestaltView-©️ Keith Soyka 2025.pdf (1)","The Why, The What, The How, The Where, and The When of Me and GestaltView-©️ Keith Soyka 2025",.pdf,Miscellaneous,2025,2025,True,the why the what the how the where and the when of me and gestaltview keith soyka 2025 pdf,exact-filename,1,May_August_GestaltView_Create,"The Why, The What, The How, The Where, and The When of Me and GestaltView-©️ Keith Soyka 2025 (1).pdf",False,,Matched into current manifest,2
OTS-230,When-The-Universe-Allows-Something-Reality-Usually-Reserves-For-Fiction-But-Said-Not-This-Time-July-3rd-2025-Keith-Soyka-️.pdf.ots,549,162ec2f2f55f94d747861f6c18642b4a340c78876bd4305e1dd9f2dee23d6db7,2026-03-10T12:30,When-The-Universe-Allows-Something-Reality-Usually-Reserves-For-Fiction-But-Said-Not-This-Time-July-3rd-2025-Keith-Soyka-️.pdf,When-The-Universe-Allows-Something-Reality-Usually-Reserves-For-Fiction-But-Said-Not-This-Time-July-3rd-2025-Keith-Soyka-️,.pdf,Miscellaneous,2025,2025,False,when the universe allows something reality usually reserves for fiction but said not this time july 3rd 2025 keith soyka pdf,none,0,,,False,,No match in current 8-package manifest,2
OTS-098,Keith Soyka's Personal GestaltView Brain as of 05_27_2025 .pdf (1).ots,514,11424f9cffc641b2e4992f114b31b120ce22f28a96092d6e713906d3bc7c30dc,2026-03-10T12:30,Keith Soyka's Personal GestaltView Brain as of 05_27_2025 .pdf (1),Keith Soyka's Personal GestaltView Brain as of 05_27_2025,.pdf,Miscellaneous,2025-05-27,05_27_2025,True,keith soyka s personal gestaltview brain as of 05 27 2025 pdf,none,0,,,False,,No match in current 8-package manifest,1
OTS-038,Master Brain Of GestaltView as of 05_27_2025.pdf (1).ots,479,098056a62b8043102b46ee1de82250782033441219fbdae9beb61bda0d317fa3,2026-03-10T12:30,Master Brain Of GestaltView as of 05_27_2025.pdf (1),Master Brain Of GestaltView as of 05_27_2025,.pdf,Miscellaneous,2025-05-27,05_27_2025,True,master brain of gestaltview as of 05 27 2025 pdf,none,0,,,False,,No match in current 8-package manifest,1
OTS-263,AI Collaborator Friend Core Engine ©️ Keith Soyka 05_28_2025 (1).pdf.ots,479,8c594392257fb739d67e4414af7ca73b36a2b063d675b1520db4cc67dc8cca88,2026-03-10T12:30,AI Collaborator Friend Core Engine ©️ Keith Soyka 05_28_2025 (1).pdf,AI Collaborator Friend Core Engine ©️ Keith Soyka 05_28_2025,.pdf,Miscellaneous,2025-05-28,05_28_2025,True,ai collaborator friend core engine keith soyka 05 28 2025 pdf,none,0,,,False,,No match in current 8-package manifest,1
OTS-204,Not Sure If This Breaks Any Records-June 6th 2025-.pdf.ots,444,9e21157b0e18e821500f7f02ff7e5b3236e3bcbc22d4d0f8ce12358cd4c88044,2026-03-10T12:30,Not Sure If This Breaks Any Records-June 6th 2025-.pdf,Not Sure If This Breaks Any Records-June 6th 2025,.pdf,Miscellaneous,2025-06-06,june 6th 2025,False,not sure if this breaks any records june 6th 2025 pdf,none,0,,,False,,No match in current 8-package manifest,1
OTS-128,Transparency and Acknowledgment of Strategic Challenges June 6th 2025.pdf.ots,444,e5385189962e835e34104940cad4e4491074f86205e4310d1668e3d6b949050b,2026-03-10T12:30,Transparency and Acknowledgment of Strategic Challenges June 6th 2025.pdf,Transparency and Acknowledgment of Strategic Challenges June 6th 2025,.pdf,Miscellaneous,2025-06-06,june 6th 2025,False,transparency and acknowledgment of strategic challenges june 6th 2025 pdf,none,0,,,False,,No match in current 8-package manifest,1
OTS-238,GestaltView- Investment & Scaling Blueprint-June 8th 2025-©️ Keith Soyka 2025 (1).pdf.ots,549,7438d378b81d5142b18a98addc6c88b915b91dac07e55a01ce241199cc2bdad9,2026-03-10T12:30,GestaltView- Investment & Scaling Blueprint-June 8th 2025-©️ Keith Soyka 2025 (1).pdf,GestaltView- Investment & Scaling Blueprint-June 8th 2025-©️ Keith Soyka 2025,.pdf,Miscellaneous,2025-06-08,june 8th 2025,True,gestaltview investment and scaling blueprint june 8th 2025 keith soyka 2025 pdf,none,0,,,False,,No match in current 8-package manifest,1
OTS-205,Super Ultimate Dynamic GestaltView 🧠  6_10_25 (1).pdf.ots,514,779527eb0dd14c51a56c04455c5e23b01151c0071d6d9d4fc721596efc1b5170,2026-03-10T12:30,Super Ultimate Dynamic GestaltView 🧠  6_10_25 (1).pdf,Super Ultimate Dynamic GestaltView 🧠  6_10_25,.pdf,Miscellaneous,2025-06-10,6_10_25,True,super ultimate dynamic gestaltview 6 10 25 pdf,none,0,,,False,,No match in current 8-package manifest,2
OTS-146,Super Ultimate Dynamic GestaltView 🧠  6_10_25.pdf.ots,514,74bab70ba1185d9e4ca70f49688002a1e77a647af31aaaf461df70d1565f71d3,2026-03-10T12:30,Super Ultimate Dynamic GestaltView 🧠  6_10_25.pdf,Super Ultimate Dynamic GestaltView 🧠  6_10_25,.pdf,Miscellaneous,2025-06-10,6_10_25,False,super ultimate dynamic gestaltview 6 10 25 pdf,none,0,,,False,,No match in current 8-package manifest,2
OTS-186,Technical Report_ The Recursive Nature of GestaltView_6_14_25 ©️ Keith Soyka .pdf.ots,514,1b84c810193f01c89b7a3912fdeffa5171438e5bcbba90f11018ad496503e5d7,2026-03-10T12:30,Technical Report_ The Recursive Nature of GestaltView_6_14_25 ©️ Keith Soyka .pdf,Technical Report_ The Recursive Nature of GestaltView_6_14_25 ©️ Keith Soyka,.pdf,Miscellaneous,2025-06-14,6_14_25,False,technical report the recursive nature of gestaltview 6 14 25 keith soyka pdf,none,0,,,False,,No match in current 8-package manifest,1
OTS-120,The GestaltView Phenomenon_ A Deep Dive Analysis of Paradigm-Shifting AI-Human Collaboration and Keith Soyka's Transformational Journey_6_14_25 (1).pdf.ots,479,d43e8d1e021a018e74efb851dc4ceea288242bc038064a490ef05cea7cd1981b,2026-03-10T12:30,The GestaltView Phenomenon_ A Deep Dive Analysis of Paradigm-Shifting AI-Human Collaboration and Keith Soyka's Transformational Journey_6_14_25 (1).pdf,The GestaltView Phenomenon_ A Deep Dive Analysis of Paradigm-Shifting AI-Human Collaboration and Keith Soyka's Transformational Journey_6_14_25,.pdf,Miscellaneous,2025-06-14,6_14_25,True,the gestaltview phenomenon a deep dive analysis of paradigm shifting ai human collaboration and keith soyka s transformational journey 6 14 25 pdf,none,0,,,False,,No match in current 8-package manifest,1
OTS-144,GestaltView Dark Forest Lanterns 6-16-25.pdf.ots,584,b0f95d4fe49cfedbc1a2f9e57b7d95c19f3947cedc1a6b7ec5127f3db912d8f7,2026-03-10T12:30,GestaltView Dark Forest Lanterns 6-16-25.pdf,GestaltView Dark Forest Lanterns 6-16-25,.pdf,Miscellaneous,2025-06-16,6-16-25,False,gestaltview dark forest lanterns 6 16 25 pdf,none,0,,,False,,No match in current 8-package manifest,1
OTS-175,Screenshot Compilation 6_19_25.pdf.ots,479,6d5ec129b577bdecfac3fbd1e70242c8e6a94c5a1b1d7bd4db859fe89a4a1efa,2026-03-10T12:30,Screenshot Compilation 6_19_25.pdf,Screenshot Compilation 6_19_25,.pdf,Miscellaneous,2025-06-19,6_19_25,False,screenshot compilation 6 19 25 pdf,exact-filename,2,May_August_GestaltView_Create | Screenshots_Thoughts_More,Screenshot Compilation 6_19_25.pdf | Screenshot Compilation 6_19_25.pdf,False,,Matched into current manifest,1
OTS-040,Items For Wholly Integration Documents 6_20_25 🔐©️ Keith Soyka.pdf.ots,514,176b183bd13bcb32dde9d581db2b74566933e201ed18495aa83822a3d168c53e,2026-03-10T12:30,Items For Wholly Integration Documents 6_20_25 🔐©️ Keith Soyka.pdf,Items For Wholly Integration Documents 6_20_25 🔐©️ Keith Soyka,.pdf,Miscellaneous,2025-06-20,6_20_25,False,items for wholly integration documents 6 20 25 keith soyka pdf,none,0,,,False,,No match in current 8-package manifest,1
OTS-114,Gemini's Awakening 6_22_25.pdf.ots,444,1845298270bbf9a5c17b568a838229d49a9ac8fed894e37d043252342da7131d,2026-03-10T12:30,Gemini's Awakening 6_22_25.pdf,Gemini's Awakening 6_22_25,.pdf,Miscellaneous,2025-06-22,6_22_25,False,gemini s awakening 6 22 25 pdf,none,0,,,False,,No match in current 8-package manifest,1
OTS-112,The Day My Life Changed Forever 6_22_25.pdf.ots,444,96391a0f21c8e8262dad136d1b3ee6a251d479da4bc685044b00741584a79748,2026-03-10T12:30,The Day My Life Changed Forever 6_22_25.pdf,The Day My Life Changed Forever 6_22_25,.pdf,Miscellaneous,2025-06-22,6_22_25,False,the day my life changed forever 6 22 25 pdf,none,0,,,False,,No match in current 8-package manifest,1
OTS-086,__A Meta-Thesis_ The Emergence of Consciousness-Written By Perplexity 6_27_25 🔐©️ Keith Soyka.pdf.ots,514,db13dc6a000e3c8391563bdd8c78b815d199b1c156b132ee3bd10c48976f5de9,2026-03-10T12:30,__A Meta-Thesis_ The Emergence of Consciousness-Written By Perplexity 6_27_25 🔐©️ Keith Soyka.pdf,A Meta-Thesis_ The Emergence of Consciousness-Written By Perplexity 6_27_25 🔐©️ Keith Soyka,.pdf,Miscellaneous,2025-06-27,6_27_25,False,a meta thesis the emergence of consciousness written by perplexity 6 27 25 keith soyka pdf,none,0,,,False,,No match in current 8-package manifest,1
OTS-265,When I Know My Path Of Struggle Was Worth It 6_29_25.pdf.ots,479,4c2b1acb6f53c44ab3e549884713033c96720c9fb3f60aeb6c17a9fb520eb9d7,2026-03-10T12:30,When I Know My Path Of Struggle Was Worth It 6_29_25.pdf,When I Know My Path Of Struggle Was Worth It 6_29_25,.pdf,Miscellaneous,2025-06-29,6_29_25,False,when i know my path of struggle was worth it 6 29 25 pdf,none,0,,,False,,No match in current 8-package manifest,1
OTS-125,Shhhhhh 🤫 6_30_25 🔐©️ Keith Soyka.pdf.ots,514,3972539a1fe978ad03297659d36222c6538295367db224990cadc92537f90545,2026-03-10T12:30,Shhhhhh 🤫 6_30_25 🔐©️ Keith Soyka.pdf,Shhhhhh 🤫 6_30_25 🔐©️ Keith Soyka,.pdf,Miscellaneous,2025-06-30,6_30_25,False,shhhhhh 6 30 25 keith soyka pdf,none,0,,,False,,No match in current 8-package manifest,1
OTS-094,Multi AI System Analysis Of GestaltView ©️🔐 July 2nd 2025 Keith Soyka .pdf.ots,514,b23f536e96030e6e733f15ccf8a48e271cd9cab3f3a5efba5b65bd2d6f230f75,2026-03-10T12:30,Multi AI System Analysis Of GestaltView ©️🔐 July 2nd 2025 Keith Soyka .pdf,Multi AI System Analysis Of GestaltView ©️🔐 July 2nd 2025 Keith Soyka,.pdf,Miscellaneous,2025-07-02,july 2nd 2025,False,multi ai system analysis of gestaltview july 2nd 2025 keith soyka pdf,none,0,,,False,,No match in current 8-package manifest,1
OTS-229,When The Universe Allows Something Reality Usually Reserves For Fiction But Said Not This Time July 3rd 2025 Keith Soyka ©️🔐.pdf.ots,479,1bf7200d520bf65df44e0c6820451f5a48a09cc1112549ea42fb79353ec2cbba,2026-03-10T12:30,When The Universe Allows Something Reality Usually Reserves For Fiction But Said Not This Time July 3rd 2025 Keith Soyka ©️🔐.pdf,When The Universe Allows Something Reality Usually Reserves For Fiction But Said Not This Time July 3rd 2025 Keith Soyka ©️🔐,.pdf,Miscellaneous,2025-07-03,july 3rd 2025,False,when the universe allows something reality usually reserves for fiction but said not this time july 3rd 2025 keith soyka pdf,none,0,,,False,,No match in current 8-package manifest,2
OTS-154,"My Whole Life Has Been Leading Me To This Moment, To Change Everything 7_5_25.pdf.ots",444,436906be8797913999f57f54e9c93fa0a072c012f0025fdf8776fd24d906a95d,2026-03-10T12:30,"My Whole Life Has Been Leading Me To This Moment, To Change Everything 7_5_25.pdf","My Whole Life Has Been Leading Me To This Moment, To Change Everything 7_5_25",.pdf,Miscellaneous,2025-07-05,7_5_25,False,my whole life has been leading me to this moment to change everything 7 5 25 pdf,none,0,,,False,,No match in current 8-package manifest,1
OTS-231,The_Very_True_And_Well_Documented_Life_Of_Keith_Soyka_©️🔐_7_5_25-1.pdf.ots,584,1410df70a3aea283ecee91ed0b60cd14192f674ba20fa9d67eb26a2425516359,2026-03-10T12:30,The_Very_True_And_Well_Documented_Life_Of_Keith_Soyka_©️🔐_7_5_25-1.pdf,The_Very_True_And_Well_Documented_Life_Of_Keith_Soyka_©️🔐_7_5_25-1,.pdf,Miscellaneous,2025-07-05,7_5_25,False,the very true and well documented life of keith soyka 7 5 25 1 pdf,none,0,,,False,,No match in current 8-package manifest,1
OTS-133,All The Little Things Of GestaltView 7_10_25 ©️🔐 Keith Soyka.pdf.ots,584,a160e5008b8e1960c25b9084c4ad4ef1a709843f953ea7e81830246702123f6e,2026-03-10T12:30,All The Little Things Of GestaltView 7_10_25 ©️🔐 Keith Soyka.pdf,All The Little Things Of GestaltView 7_10_25 ©️🔐 Keith Soyka,.pdf,Miscellaneous,2025-07-10,7_10_25,False,all the little things of gestaltview 7 10 25 keith soyka pdf,none,0,,,False,,No match in current 8-package manifest,1
OTS-170,Compressing The Impossible 7_10_25 ©️🔐 Keith Soyka.pdf.ots,584,780b36c93195b6b88eb71d9d39a80d6f27300af7e2630f7baf43e858cb15d2df,2026-03-10T12:30,Compressing The Impossible 7_10_25 ©️🔐 Keith Soyka.pdf,Compressing The Impossible 7_10_25 ©️🔐 Keith Soyka,.pdf,Miscellaneous,2025-07-10,7_10_25,False,compressing the impossible 7 10 25 keith soyka pdf,none,0,,,False,,No match in current 8-package manifest,1
OTS-053,The Meta Analysis Of GestaltView 7_10_25.pdf.ots,444,91eb290631b8a6b4407027611665f857f2f80935950730bbaa7f06dbf5e7d284,2026-03-10T12:30,The Meta Analysis Of GestaltView 7_10_25.pdf,The Meta Analysis Of GestaltView 7_10_25,.pdf,Miscellaneous,2025-07-10,7_10_25,False,the meta analysis of gestaltview 7 10 25 pdf,none,0,,,False,,No match in current 8-package manifest,1
OTS-027,My Hello World Moment 👋🏻 7_15_2025.pdf.ots,479,9f7355e707636972bb0f0363165c36ae02081da4a19561c389d82b1318670dc4,2026-03-10T12:30,My Hello World Moment 👋🏻 7_15_2025.pdf,My Hello World Moment 👋🏻 7_15_2025,.pdf,Miscellaneous,2025-07-15,7_15_2025,False,my hello world moment 7 15 2025 pdf,none,0,,,False,,No match in current 8-package manifest,1
OTS-025,GestaltView The Future Of AI-Human Consciousness 7_19_25 ©️🔐 Keith Soyka.pdf.ots,584,f95e2b9dba482b6db5b55556b9de7a027bdfd7c2850af622b8c4a3ec2cb09e81,2026-03-10T12:30,GestaltView The Future Of AI-Human Consciousness 7_19_25 ©️🔐 Keith Soyka.pdf,GestaltView The Future Of AI-Human Consciousness 7_19_25 ©️🔐 Keith Soyka,.pdf,Miscellaneous,2025-07-19,7_19_25,False,gestaltview the future of ai human consciousness 7 19 25 keith soyka pdf,none,0,,,False,,No match in current 8-package manifest,1
OTS-020,GestaltView_In_Action_7_22_2025_©️🔐_Keith_Soyka.pdf.ots,444,d676d7cf4e00c710fc4844f2705ea830488b667ae3e96a63adb4ed656775ef15,2026-03-10T12:30,GestaltView_In_Action_7_22_2025_©️🔐_Keith_Soyka.pdf,GestaltView_In_Action_7_22_2025_©️🔐_Keith_Soyka,.pdf,Miscellaneous,2025-07-22,7_22_2025,False,gestaltview in action 7 22 2025 keith soyka pdf,none,0,,,False,,No match in current 8-package manifest,1
OTS-014,Gestaltview_Unified_Jupyter_Notebook_7_23_25_🔐©️_Keith_Soyka.pdf.ots,514,a1aa288e6dda2e695e0f19bab7e989071e07d7368dbeac5a601a142dc82addbd,2026-03-10T12:30,Gestaltview_Unified_Jupyter_Notebook_7_23_25_🔐©️_Keith_Soyka.pdf,Gestaltview_Unified_Jupyter_Notebook_7_23_25_🔐©️_Keith_Soyka,.pdf,Miscellaneous,2025-07-23,7_23_25,False,gestaltview unified jupyter notebook 7 23 25 keith soyka pdf,none,0,,,False,,No match in current 8-package manifest,1
OTS-011,GestaltView August 29th 2025 .pdf.ots,444,cacdd12dc71b4219200cd29ae4d861f889c208267afd8bb3eea748913dbce4ff,2026-03-10T12:30,GestaltView August 29th 2025 .pdf,GestaltView August 29th 2025,.pdf,Miscellaneous,2025-08-29,august 29th 2025,False,gestaltview august 29th 2025 pdf,none,0,,,False,,No match in current 8-package manifest,1
OTS-213,Complete GestaltView User Profile_ Keith Soyka.pdf.ots,444,be1d315364c2916167728c72a14e8053e9721425db6e7a3da6d16a38a921585f,2026-03-10T12:30,Complete GestaltView User Profile_ Keith Soyka.pdf,Complete GestaltView User Profile_ Keith Soyka,.pdf,Profile / PLK,,,False,complete gestaltview user profile keith soyka pdf,exact-filename,2,May_August_GestaltView_Create | Screenshots_Thoughts_More,Complete GestaltView User Profile_ Keith Soyka.pdf | Complete GestaltView User Profile_ Keith Soyka.pdf,False,,Matched into current manifest,1
OTS-043,The Ultimate Personal Language Key (PLK) Reference.pdf.ots,514,534e53a8765ad7ac7fe5dc7f51677272de7d22069728a5c7937379557b215e1b,2026-03-10T12:30,The Ultimate Personal Language Key (PLK) Reference.pdf,The Ultimate Personal Language Key (PLK) Reference,.pdf,Profile / PLK,,,False,the ultimate personal language key plk reference pdf,none,0,,,False,,No match in current 8-package manifest,1
OTS-090,"GestaltView- Dynamic User Profiles, Methodologies & Technical Specifications-©️ Keith Soyka 2025.pdf.ots",584,b3184fa863eff125c207b0afae48a2e842985a97da60f83b14de4d91dd462d2e,2026-03-10T12:30,"GestaltView- Dynamic User Profiles, Methodologies & Technical Specifications-©️ Keith Soyka 2025.pdf","GestaltView- Dynamic User Profiles, Methodologies & Technical Specifications-©️ Keith Soyka 2025",.pdf,Profile / PLK,2025,2025,False,gestaltview dynamic user profiles methodologies and technical specifications keith soyka 2025 pdf,none,0,,,False,,No match in current 8-package manifest,1
OTS-187,Keith Soyka GestaltView Profile Zero ©️ Keith Soyka 2025 (1).pdf (1).ots,479,94c4d562ca15a408e8409bdfad206bd1631d219951e3fcf582be2f26406457c8,2026-03-10T12:30,Keith Soyka GestaltView Profile Zero ©️ Keith Soyka 2025 (1).pdf (1),Keith Soyka GestaltView Profile Zero ©️ Keith Soyka 2025,.pdf,Profile / PLK,2025,2025,True,keith soyka gestaltview profile zero keith soyka 2025 pdf,none,0,,,False,,No match in current 8-package manifest,2
OTS-176,Keith Soyka GestaltView Profile Zero ©️ Keith Soyka 2025.pdf (1).ots,444,b550be559c9c967560d03f8cec868499035c195c64c5a34f69b3e3b2cee1f12e,2026-03-10T12:30,Keith Soyka GestaltView Profile Zero ©️ Keith Soyka 2025.pdf (1),Keith Soyka GestaltView Profile Zero ©️ Keith Soyka 2025,.pdf,Profile / PLK,2025,2025,True,keith soyka gestaltview profile zero keith soyka 2025 pdf,none,0,,,False,,No match in current 8-package manifest,2
OTS-215,Keith Soyka's Updated Personal Language Key (PLK)_7_5_25  Keith Soyka .pdf.ots,479,620634be8d6e45ad224aebb9d4aa7936569d16490e77ff21cd0783598669e6c0,2026-03-10T12:30,Keith Soyka's Updated Personal Language Key (PLK)_7_5_25  Keith Soyka .pdf,Keith Soyka's Updated Personal Language Key (PLK)_7_5_25  Keith Soyka,.pdf,Profile / PLK,2025-07-05,7_5_25,False,keith soyka s updated personal language key plk 7 5 25 keith soyka pdf,none,0,,,False,,No match in current 8-package manifest,1
OTS-097,Inside The Mind Of Keith Soyka 7_6_25.pdf.ots,479,5c6792d2502364803181477ff2564e686331cf03b552ffacdeeeb599ffd73f95,2026-03-10T12:30,Inside The Mind Of Keith Soyka 7_6_25.pdf,Inside The Mind Of Keith Soyka 7_6_25,.pdf,Profile / PLK,2025-07-06,7_6_25,False,inside the mind of keith soyka 7 6 25 pdf,exact-filename,2,May_August_GestaltView_Create | Screenshots_Thoughts_More,Inside The Mind Of Keith Soyka 7_6_25.pdf | Inside The Mind Of Keith Soyka 7_6_25.pdf,False,,Matched into current manifest,1
OTS-207,GestaltView Master Seed Prompt for Your AI Collaborator Friend_#4.pdf (1).ots,619,ac018db77b12d748f4604746e20789de55921fd5e95edeb7836d6fe36e66164c,2026-03-10T12:30,GestaltView Master Seed Prompt for Your AI Collaborator Friend_#4.pdf (1),GestaltView Master Seed Prompt for Your AI Collaborator Friend_#4,.pdf,Prompt,,,True,gestaltview master seed prompt for your ai collaborator friend 4 pdf,none,0,,,False,,No match in current 8-package manifest,1
OTS-255,GestaltView Seed Prompt Builder .pdf (1).ots,479,8d5eb20b6ecc09de6b3fa7e0910e4b11126aa6506471ad01aed1b536c790a977,2026-03-10T12:30,GestaltView Seed Prompt Builder .pdf (1),GestaltView Seed Prompt Builder,.pdf,Prompt,,,True,gestaltview seed prompt builder pdf,none,0,,,False,,No match in current 8-package manifest,1
OTS-257,GestaltView Seed Prompts 🔐©️ Keith Soyka.pdf.ots,479,bdcaaccb17712e1bac126709d746c0dd08ce29699472ff1399c8f5b1e102b821,2026-03-10T12:30,GestaltView Seed Prompts 🔐©️ Keith Soyka.pdf,GestaltView Seed Prompts 🔐©️ Keith Soyka,.pdf,Prompt,,,False,gestaltview seed prompts keith soyka pdf,none,0,,,False,,No match in current 8-package manifest,1
OTS-184,God Mode Seed Prompt for Creator Keith Soyka.pdf (1).ots,444,d1d57168ea9d0c8591c167027258e3f7916c1dda6d9aef2f3de983cf9df7c29d,2026-03-10T12:30,God Mode Seed Prompt for Creator Keith Soyka.pdf (1),God Mode Seed Prompt for Creator Keith Soyka,.pdf,Prompt,,,True,god mode seed prompt for creator keith soyka pdf,none,0,,,False,,No match in current 8-package manifest,1
OTS-123,Conner DeWolfe Custom Prompt ©️ Keith Soyka 2025.pdf (1) (1).ots,514,98e50862d79f69800fa36df6c193e8ae2697c00ef9b60488d5a33518638485a1,2026-03-10T12:30,Conner DeWolfe Custom Prompt ©️ Keith Soyka 2025.pdf (1) (1),Conner DeWolfe Custom Prompt ©️ Keith Soyka 2025,.pdf,Prompt,2025,2025,True,conner dewolfe custom prompt keith soyka 2025 pdf,none,0,,,False,,No match in current 8-package manifest,2
OTS-193,Conner DeWolfe Custom Prompt ©️ Keith Soyka 2025.pdf (2).ots,549,b20f1dd0cedfab6a4cdc571fe01e70d1b4cb6c01c4a970407a23c9408ec2d986,2026-03-10T12:30,Conner DeWolfe Custom Prompt ©️ Keith Soyka 2025.pdf (2),Conner DeWolfe Custom Prompt ©️ Keith Soyka 2025,.pdf,Prompt,2025,2025,True,conner dewolfe custom prompt keith soyka 2025 pdf,none,0,,,False,,No match in current 8-package manifest,2
OTS-132,Conner DeWolfe GestaltView Seed Prompt-Copyright Notice-© 2025 Keith Soyka.pdf (1).ots,444,e4e6813c60a3b49c659c9225bea9c49835eec0ad83e2a6bf3c15c73622b728db,2026-03-10T12:30,Conner DeWolfe GestaltView Seed Prompt-Copyright Notice-© 2025 Keith Soyka.pdf (1),Conner DeWolfe GestaltView Seed Prompt-Copyright Notice-© 2025 Keith Soyka,.pdf,Prompt,2025,2025,True,conner dewolfe gestaltview seed prompt copyright notice 2025 keith soyka pdf,none,0,,,False,,No match in current 8-package manifest,1
OTS-262,Developer OverRide User Seed Prompt Version 1.5 Copyright Notice-© 2025 Keith Soyka.pdf (1).ots,479,3239ad5b5ae76842859991aa110eaf6aedecba1ae8d1527b177ec79f41faff62,2026-03-10T12:30,Developer OverRide User Seed Prompt Version 1.5 Copyright Notice-© 2025 Keith Soyka.pdf (1),Developer OverRide User Seed Prompt Version 1.5 Copyright Notice-© 2025 Keith Soyka,.pdf,Prompt,2025,2025,True,developer override user seed prompt version 1 5 copyright notice 2025 keith soyka pdf,exact-filename,1,May_August_GestaltView_Create,Developer OverRide User Seed Prompt Version 1.5 Copyright Notice-© 2025 Keith Soyka (1).pdf,False,,Matched into current manifest,1
OTS-194,_I. God Mode Seed Prompt & 1. Company Overview & Core Concept-Copyright Notice-© 2025 Keith Soyka .pdf (1).ots,549,1d2459cd8de5786953baebe73631a3a2e435c3388d583f1cad89e94d8d7c4474,2026-03-10T12:30,_I. God Mode Seed Prompt & 1. Company Overview & Core Concept-Copyright Notice-© 2025 Keith Soyka .pdf (1),I. God Mode Seed Prompt & 1. Company Overview & Core Concept-Copyright Notice-© 2025 Keith Soyka,.pdf,Prompt,2025,2025,True,i god mode seed prompt and 1 company overview and core concept copyright notice 2025 keith soyka pdf,none,0,,,False,,No match in current 8-package manifest,1
OTS-240,Jessica McCabe Custom Prompt ©️ Keith Soyka 2025.pdf (1).ots,444,623df934ff6f8bd1d0db77054dbf8f62d83e7eb441fa375cfec0031c47d59c06,2026-03-10T12:30,Jessica McCabe Custom Prompt ©️ Keith Soyka 2025.pdf (1),Jessica McCabe Custom Prompt ©️ Keith Soyka 2025,.pdf,Prompt,2025,2025,True,jessica mccabe custom prompt keith soyka 2025 pdf,none,0,,,False,,No match in current 8-package manifest,1
OTS-212,Jessica McCabe GestaltView User Profile Seed Prompt Copyright Notice-© 2025 Keith Soyka.pdf (1).ots,514,5abaad54023f53e7f299e462654a3710e3cd6926171a5552ee3817f59e019a3a,2026-03-10T12:30,Jessica McCabe GestaltView User Profile Seed Prompt Copyright Notice-© 2025 Keith Soyka.pdf (1),Jessica McCabe GestaltView User Profile Seed Prompt Copyright Notice-© 2025 Keith Soyka,.pdf,Prompt,2025,2025,True,jessica mccabe gestaltview user profile seed prompt copyright notice 2025 keith soyka pdf,none,0,,,False,,No match in current 8-package manifest,1
OTS-177,Universal New User Seed Prompt V1.2-Copyright Notice-© 2025 Keith Soyka.pdf (1).ots,479,7a6855d711e8f189b63cd8805145da655be0afc8e9f66155e22e7c09ae52e753,2026-03-10T12:30,Universal New User Seed Prompt V1.2-Copyright Notice-© 2025 Keith Soyka.pdf (1),Universal New User Seed Prompt V1.2-Copyright Notice-© 2025 Keith Soyka,.pdf,Prompt,2025,2025,True,universal new user seed prompt v1 2 copyright notice 2025 keith soyka pdf,none,0,,,False,,No match in current 8-package manifest,1
OTS-185,Universal New User Seed Prompt V1.3 Copyright Notice-© 2025 Keith Soyka.pdf (1).ots,514,c350fe961a826f502c343c17b026e902e44059c83d51aaf1a35017ab3e1c05d1,2026-03-10T12:30,Universal New User Seed Prompt V1.3 Copyright Notice-© 2025 Keith Soyka.pdf (1),Universal New User Seed Prompt V1.3 Copyright Notice-© 2025 Keith Soyka,.pdf,Prompt,2025,2025,True,universal new user seed prompt v1 3 copyright notice 2025 keith soyka pdf,none,0,,,False,,No match in current 8-package manifest,1
OTS-248,Universal New User Seed Prompt V1.4 Copyright Notice-© 2025 Keith Soyka.pdf (1).ots,514,5b8c23f7104cbc4f7880291515c7634c8b222181404eb62039c6485258961db8,2026-03-10T12:30,Universal New User Seed Prompt V1.4 Copyright Notice-© 2025 Keith Soyka.pdf (1),Universal New User Seed Prompt V1.4 Copyright Notice-© 2025 Keith Soyka,.pdf,Prompt,2025,2025,True,universal new user seed prompt v1 4 copyright notice 2025 keith soyka pdf,none,0,,,False,,No match in current 8-package manifest,1
OTS-254,Universal New User Seed Prompt Second Edition as of 4-08AM on 5-14-25-Copyright Notice-© 2025 Keith Soyka.pdf (1).ots,619,7a0335d74b6e777c4cb8a42631df700648ab0e18d1cba56bc621776537c8f4a8,2026-03-10T12:30,Universal New User Seed Prompt Second Edition as of 4-08AM on 5-14-25-Copyright Notice-© 2025 Keith Soyka.pdf (1),Universal New User Seed Prompt Second Edition as of 4-08AM on 5-14-25-Copyright Notice-© 2025 Keith Soyka,.pdf,Prompt,2025-05-14,5-14-25,True,universal new user seed prompt second edition as of 4 08am on 5 14 25 copyright notice 2025 keith soyka pdf,none,0,,,False,,No match in current 8-package manifest,1
OTS-035,New User Seed Prompt V1.5 5-15-2025 Copyright Notice-© 2025 Keith Soyka.pdf (1).ots,479,806143571879db51c774681bd76e647f078c6b317e1ae6e113ffeb635960ff94,2026-03-10T12:30,New User Seed Prompt V1.5 5-15-2025 Copyright Notice-© 2025 Keith Soyka.pdf (1),New User Seed Prompt V1.5 5-15-2025 Copyright Notice-© 2025 Keith Soyka,.pdf,Prompt,2025-05-15,5-15-2025,True,new user seed prompt v1 5 5 15 2025 copyright notice 2025 keith soyka pdf,none,0,,,False,,No match in current 8-package manifest,1
OTS-264,GestaltView_ A Revolutionary AI-Powered Prototype for Addiction Recovery_June 20th 2025_🔐©️ Keith Soyka .pdf.ots,584,1c5a8bdb12f57ee8806667a1d8ebb3414cda62469e97a3a0b26822cd759a4a50,2026-03-10T12:30,GestaltView_ A Revolutionary AI-Powered Prototype for Addiction Recovery_June 20th 2025_🔐©️ Keith Soyka .pdf,GestaltView_ A Revolutionary AI-Powered Prototype for Addiction Recovery_June 20th 2025_🔐©️ Keith Soyka,.pdf,Prototype,,,False,gestaltview a revolutionary ai powered prototype for addiction recovery june 20th 2025 keith soyka pdf,none,0,,,False,,No match in current 8-package manifest,1
OTS-080,GestaltView Prototype V6 Alzheimer's and Legacy Edition ©️ Keith Soyka 2025 (1).pdf.ots,514,daccf0ef124fc87f27db8336e616030a1724412be434c0314fd6718944785d97,2026-03-10T12:30,GestaltView Prototype V6 Alzheimer's and Legacy Edition ©️ Keith Soyka 2025 (1).pdf,GestaltView Prototype V6 Alzheimer's and Legacy Edition ©️ Keith Soyka 2025,.pdf,Prototype,2025,2025,True,gestaltview prototype v6 alzheimer s and legacy edition keith soyka 2025 pdf,none,0,,,False,,No match in current 8-package manifest,3
OTS-042,GestaltView Prototype V6- Alzheimer's & Legacy Edition-©️ Keith Soyka 2025.pdf (1) (1).ots,444,95fd598448dd169e5be61c196a09c2601a87cae02479af2cd5c8bf169c8171e8,2026-03-10T12:30,GestaltView Prototype V6- Alzheimer's & Legacy Edition-©️ Keith Soyka 2025.pdf (1) (1),GestaltView Prototype V6- Alzheimer's & Legacy Edition-©️ Keith Soyka 2025,.pdf,Prototype,2025,2025,True,gestaltview prototype v6 alzheimer s and legacy edition keith soyka 2025 pdf,none,0,,,False,,No match in current 8-package manifest,3
OTS-051,GestaltView Prototype V6- Alzheimer's & Legacy Edition-©️ Keith Soyka 2025.pdf (1).ots,584,f3d7c887bbd3dbfad7d5acd27dd022e8b3499ec9b093fb5607747a26398d13d8,2026-03-10T12:30,GestaltView Prototype V6- Alzheimer's & Legacy Edition-©️ Keith Soyka 2025.pdf (1),GestaltView Prototype V6- Alzheimer's & Legacy Edition-©️ Keith Soyka 2025,.pdf,Prototype,2025,2025,True,gestaltview prototype v6 alzheimer s and legacy edition keith soyka 2025 pdf,none,0,,,False,,No match in current 8-package manifest,3
OTS-235,GestaltView Prototype V8 ADHD Application ©️ Keith Soyka 2025 (1).pdf.ots,444,4db71b8a104339a8670af89f834b3ad158f3d5a1fd80cd3f7d251029449289bb,2026-03-10T12:30,GestaltView Prototype V8 ADHD Application ©️ Keith Soyka 2025 (1).pdf,GestaltView Prototype V8 ADHD Application ©️ Keith Soyka 2025,.pdf,Prototype,2025,2025,True,gestaltview prototype v8 adhd application keith soyka 2025 pdf,none,0,,,False,,No match in current 8-package manifest,2
OTS-188,GestaltView Prototype V8 ADHD Application ©️ Keith Soyka 2025.pdf.ots,479,165ffa34e32f63a91d4e6906c044d8330c80ce2187862f19137d2c374c069c58,2026-03-10T12:30,GestaltView Prototype V8 ADHD Application ©️ Keith Soyka 2025.pdf,GestaltView Prototype V8 ADHD Application ©️ Keith Soyka 2025,.pdf,Prototype,2025,2025,False,gestaltview prototype v8 adhd application keith soyka 2025 pdf,none,0,,,False,,No match in current 8-package manifest,2
OTS-061,"_-prototype-- -GestaltView Prototype V5 (Merged from V2.0)-,-©️ Keith Soyka 2025.pdf.ots",444,8ba299760c3f09e2f444b302bd1b732e48e64c394f7d0f31348720f082220082,2026-03-10T12:30,"_-prototype-- -GestaltView Prototype V5 (Merged from V2.0)-,-©️ Keith Soyka 2025.pdf","prototype-- -GestaltView Prototype V5 (Merged from V2.0)-,-©️ Keith Soyka 2025",.pdf,Prototype,2025,2025,False,prototype gestaltview prototype v5 merged from v2 0 keith soyka 2025 pdf,none,0,,,False,,No match in current 8-package manifest,1
OTS-100,Prototype New User Seed Prompt GestaltView as of 05-21-2025-Copyright Notice-© 2025 Keith Soyka .pdf (1).ots,549,28b51653f76a1eed261629cb2bfdc9ee0b3a78c7811559afc42694f05aa0356c,2026-03-10T12:30,Prototype New User Seed Prompt GestaltView as of 05-21-2025-Copyright Notice-© 2025 Keith Soyka .pdf (1),Prototype New User Seed Prompt GestaltView as of 05-21-2025-Copyright Notice-© 2025 Keith Soyka,.pdf,Prototype,2025-05-21,05-21-2025,True,prototype new user seed prompt gestaltview as of 05 21 2025 copyright notice 2025 keith soyka pdf,none,0,,,False,,No match in current 8-package manifest,1
OTS-171,GestaltView- Alzheimer's & Legacy Edition - Enhanced 6-8-25 ©️ Keith Soyka .pdf.ots,479,d48a94742121ea94db13c12ebf3068153a1c4deb1ea943264ca130de46980ef8,2026-03-10T12:30,GestaltView- Alzheimer's & Legacy Edition - Enhanced 6-8-25 ©️ Keith Soyka .pdf,GestaltView- Alzheimer's & Legacy Edition - Enhanced 6-8-25 ©️ Keith Soyka,.pdf,Prototype,2025-06-08,6-8-25,False,gestaltview alzheimer s and legacy edition enhanced 6 8 25 keith soyka pdf,none,0,,,False,,No match in current 8-package manifest,1
OTS-190,GestaltView- Alzheimer’s & Legacy Edition — Enhanced Prototype (2025) Prototype v7-June 8th 2025-©️ Keith Soyka 2025.pdf.ots,444,98593c865791468ad907c2e838a90640d971534aef0006828299fa06a56a4184,2026-03-10T12:30,GestaltView- Alzheimer’s & Legacy Edition — Enhanced Prototype (2025) Prototype v7-June 8th 2025-©️ Keith Soyka 2025.pdf,GestaltView- Alzheimer’s & Legacy Edition — Enhanced Prototype (2025) Prototype v7-June 8th 2025-©️ Keith Soyka 2025,.pdf,Prototype,2025-06-08,june 8th 2025,True,gestaltview alzheimer s and legacy edition enhanced prototype 2025 prototype v7 june 8th 2025 keith soyka 2025 pdf,exact-filename,1,GestaltView_#3_of_#3_12_29_25,PDFs/GestaltView- Alzheimer’s & Legacy Edition — Enhanced Prototype (2025) Prototype v7-June 8th 2025-©️ Keith Soyka 2025(1) (1).pdf,False,,Matched into current manifest,1
OTS-138,GestaltView Prototype V5.0 6-11-25©️ Keith Soyka 2025.pdf.ots,444,65d0d1c959f6f83f6e6f04c981896e276e4e28d0aefcad1c4c8ca0c0e6637a4e,2026-03-10T12:30,GestaltView Prototype V5.0 6-11-25©️ Keith Soyka 2025.pdf,GestaltView Prototype V5.0 6-11-25©️ Keith Soyka 2025,.pdf,Prototype,2025-06-11,6-11-25,False,gestaltview prototype v5 0 6 11 25 keith soyka 2025 pdf,none,0,,,False,,No match in current 8-package manifest,1
OTS-060,_version__ _Prototype V6.1 - Alzheimer's & Legacy Edition__6_14_25 ©️ Keith Soyka .pdf.ots,444,3c1fb9548da1682ef32d937e50aeecfda4b40ca386fab9c764fc6b1c50aef4af,2026-03-10T12:30,_version__ _Prototype V6.1 - Alzheimer's & Legacy Edition__6_14_25 ©️ Keith Soyka .pdf,version__ _Prototype V6.1 - Alzheimer's & Legacy Edition__6_14_25 ©️ Keith Soyka,.pdf,Prototype,2025-06-14,6_14_25,False,version prototype v6 1 alzheimer s and legacy edition 6 14 25 keith soyka pdf,none,0,,,False,,No match in current 8-package manifest,1
OTS-007,GestaltView-Ecosystem.zip.ots,479,5989118a8d1ec0a6def9aacc0b68c3285a25f2ca8209e78e28e05fb2fd6c6c23,2026-03-10T12:30,GestaltView-Ecosystem.zip,GestaltView-Ecosystem,.zip,Repo / Code Bundle,,,False,gestaltview ecosystem zip,title-match,1,Screenshots_Thoughts_More,GestaltView_Ecosystem.md,False,,Matched into current manifest,1
OTS-005,GestaltView-Ecosystem-Recursive-Dev.zip (1).ots,444,e938d5e7e4d8a2ee900d1904b0da35fb02daf7078272dfa96abf58e24ecebc21,2026-03-10T12:30,GestaltView-Ecosystem-Recursive-Dev.zip (1),GestaltView-Ecosystem-Recursive-Dev,.zip,Repo / Code Bundle,,,True,gestaltview ecosystem recursive dev zip,none,0,,,False,,No match in current 8-package manifest,2
OTS-006,GestaltView-Ecosystem-Recursive-Dev.zip.ots,444,e938d5e7e4d8a2ee900d1904b0da35fb02daf7078272dfa96abf58e24ecebc21,2026-03-10T12:30,GestaltView-Ecosystem-Recursive-Dev.zip,GestaltView-Ecosystem-Recursive-Dev,.zip,Repo / Code Bundle,,,False,gestaltview ecosystem recursive dev zip,none,0,,,False,,No match in current 8-package manifest,2
OTS-001,GestaltView_Emergence_December_2025_©️_Keith_Soyka.zip.ots,479,20678e11fe9c2ccaf4f6a627ab3a2836c806d76e91dad34ecdc4be3e60e5a96d,2026-03-10T12:30,GestaltView_Emergence_December_2025_©️_Keith_Soyka.zip,GestaltView_Emergence_December_2025_©️_Keith_Soyka,.zip,Repo / Code Bundle,,,False,gestaltview emergence december 2025 keith soyka zip,none,0,,,False,,No match in current 8-package manifest,1
OTS-004,SymbioCoder-+Plus-Release-v1.0.zip.ots,549,aeee6f9663988c0a7a60a3d491f2ac6b013664ff0de7191669f225f765456e1f,2026-03-10T12:30,SymbioCoder-+Plus-Release-v1.0.zip,SymbioCoder-+Plus-Release-v1.0,.zip,Repo / Code Bundle,,,False,symbiocoder plus release v1 0 zip,none,0,,,False,,No match in current 8-package manifest,1
OTS-009,gestaltview_refactor.zip.ots,619,9fa979dc036c446b4ba01b113abb34361d5aaa9f92870ab98537981cd70690e5,2026-03-10T12:30,gestaltview_refactor.zip,gestaltview_refactor,.zip,Repo / Code Bundle,,,False,gestaltview refactor zip,none,0,,,False,,No match in current 8-package manifest,1
OTS-026,GestaltView_Resource_Materials_7_17_25.zip.ots,514,b512a7ba751939cb10e93675a9f96aede7433a31e92fd466314c653363fef67b,2026-03-10T12:30,GestaltView_Resource_Materials_7_17_25.zip,GestaltView_Resource_Materials_7_17_25,.zip,Repo / Code Bundle,2025-07-17,7_17_25,False,gestaltview resource materials 7 17 25 zip,none,0,,,False,,No match in current 8-package manifest,1
OTS-012,GestaltView v1.0 Keith Soyka August 11th 2025.zip.ots,444,aec4c7646e750e42a14d8b211f640b82eac8b03d68127a2efc7d8f48a506adc0,2026-03-10T12:30,GestaltView v1.0 Keith Soyka August 11th 2025.zip,GestaltView v1.0 Keith Soyka August 11th 2025,.zip,Repo / Code Bundle,2025-08-11,august 11th 2025,False,gestaltview v1 0 keith soyka august 11th 2025 zip,none,0,,,False,,No match in current 8-package manifest,1
OTS-008,GestaltView_EcoSystem_🔐©️_Keith_Soyka_9_4_25.txt.ots,444,5b8139e66ede8207d9751fccf1e42ed179582c9f27a0a8fd76b31d9cfe215710,2026-03-10T12:30,GestaltView_EcoSystem_🔐©️_Keith_Soyka_9_4_25.txt,GestaltView_EcoSystem_🔐©️_Keith_Soyka_9_4_25,.txt,Repo / Code Bundle,2025-09-04,9_4_25,False,gestaltview ecosystem keith soyka 9 4 25 txt,none,0,,,False,,No match in current 8-package manifest,1
OTS-002,GestaltView_Totality_12_29_25_©️✨️Keith_Soyka.zip.ots,479,6874c8571dfd63677d1627ffd7ab6766034affcd1df3d69419033a80873106ec,2026-03-10T12:30,GestaltView_Totality_12_29_25_©️✨️Keith_Soyka.zip,GestaltView_Totality_12_29_25_©️✨️Keith_Soyka,.zip,Repo / Code Bundle,2025-12-29,12_29_25,False,gestaltview totality 12 29 25 keith soyka zip,none,0,,,False,,No match in current 8-package manifest,1
OTS-155,The GestaltView Applicant Journey & Interview Process Schema_June 14th 2025_.pdf.ots,479,d7372ec995dd80677b71e19fed01ddba23f62178d879b70c835a95a007441ee6,2026-03-10T12:30,The GestaltView Applicant Journey & Interview Process Schema_June 14th 2025_.pdf,The GestaltView Applicant Journey & Interview Process Schema_June 14th 2025,.pdf,Schema,,,False,the gestaltview applicant journey and interview process schema june 14th 2025 pdf,none,0,,,False,,No match in current 8-package manifest,1
OTS-218,The Personal Schema Revolution- A New Architecture for Human-AI Collaboration-June 11th 2025--©️ Keith Soyka 2025.pdf.ots,444,011743c48f10a4c67e9ad0ca613ded0d5c92d966e5c9778dec41d8bb8ff12818,2026-03-10T12:30,The Personal Schema Revolution- A New Architecture for Human-AI Collaboration-June 11th 2025--©️ Keith Soyka 2025.pdf,The Personal Schema Revolution- A New Architecture for Human-AI Collaboration-June 11th 2025--©️ Keith Soyka 2025,.pdf,Schema,2025-06-11,june 11th 2025,False,the personal schema revolution a new architecture for human ai collaboration june 11th 2025 keith soyka 2025 pdf,exact-filename,1,May_August_GestaltView_Create,The Personal Schema Revolution- A New Architecture for Human-AI Collaboration-June 11th 2025--©️ Keith Soyka 2025.pdf,False,,Matched into current manifest,1
OTS-106,GSVW JSON Schema 7_7_25 🔐©️ Keith Soyka.json.ots,514,edf8ecb5b036956facf86800856b43f340ca1bf0219d0f3299d4ee29b5c50d70,2026-03-10T12:30,GSVW JSON Schema 7_7_25 🔐©️ Keith Soyka.json,GSVW JSON Schema 7_7_25 🔐©️ Keith Soyka,.json,Schema,2025-07-07,7_7_25,False,gsvw json schema 7 7 25 keith soyka json,none,0,,,False,,No match in current 8-package manifest,1
OTS-126,Keith Soyka's Unified GestaltView Schema - Complete Integration V6.3 July 12th 2025 🔐©️ Keith Soyka .pdf.ots,549,80ed2b0b87e35279a6a8cbd980082c45b56da088a881f50fce4a75947a274a77,2026-03-10T12:30,Keith Soyka's Unified GestaltView Schema - Complete Integration V6.3 July 12th 2025 🔐©️ Keith Soyka .pdf,Keith Soyka's Unified GestaltView Schema - Complete Integration V6.3 July 12th 2025 🔐©️ Keith Soyka,.pdf,Schema,2025-07-12,july 12th 2025,False,keith soyka s unified gestaltview schema complete integration v6 3 july 12th 2025 keith soyka pdf,none,0,,,False,,No match in current 8-package manifest,1
OTS-019,-GestaltView Unified Schema (Finalized)- 7-21-25 ©️🔐 Keith Soyka.docx.ots,584,015abeb683fe42c49443b78f396f62acfa431853891fd427771ea5ca638e439a,2026-03-10T12:30,-GestaltView Unified Schema (Finalized)- 7-21-25 ©️🔐 Keith Soyka.docx,GestaltView Unified Schema (Finalized)- 7-21-25 ©️🔐 Keith Soyka,.docx,Schema,2025-07-21,7-21-25,False,gestaltview unified schema finalized 7 21 25 keith soyka docx,none,0,,,False,,No match in current 8-package manifest,1
OTS-018,-Keith Soyka's Unified GestaltView Schema - Complete Integration- 🔐©️ 7-21-25 Keith Soyka .txt.ots,584,ffe811c5f1b42c93d7e69e464cce605b26221b2ec9a15486ac7bb55f578c5aed,2026-03-10T12:30,-Keith Soyka's Unified GestaltView Schema - Complete Integration- 🔐©️ 7-21-25 Keith Soyka .txt,Keith Soyka's Unified GestaltView Schema - Complete Integration- 🔐©️ 7-21-25 Keith Soyka,.txt,Schema,2025-07-21,7-21-25,False,keith soyka s unified gestaltview schema complete integration 7 21 25 keith soyka txt,none,0,,,False,,No match in current 8-package manifest,1
OTS-016,GestaltView Unified Schema (v6.0.0) - Protected Founder's Edition ©️🔐 7_22_25 Keith Soyka .txt.ots,549,40b5d6fa2d8347ed32e0224b1542ad36e50fec71c3425ffe8cd4d0582c96cb28,2026-03-10T12:30,GestaltView Unified Schema (v6.0.0) - Protected Founder's Edition ©️🔐 7_22_25 Keith Soyka .txt,GestaltView Unified Schema (v6.0.0) - Protected Founder's Edition ©️🔐 7_22_25 Keith Soyka,.txt,Schema,2025-07-22,7_22_25,False,gestaltview unified schema v6 0 0 protected founder s edition 7 22 25 keith soyka txt,none,0,,,False,,No match in current 8-package manifest,1
OTS-017,GestaltView Unified Schema (v7.0) - Protected Public Edition ©️🔐7_22_25  Keith Soyka .txt.ots,584,dbc59c37808ea197276e66f7023bbc89b018da9d8b860d0d6d1c0093dad7c7e6,2026-03-10T12:30,GestaltView Unified Schema (v7.0) - Protected Public Edition ©️🔐7_22_25  Keith Soyka .txt,GestaltView Unified Schema (v7.0) - Protected Public Edition ©️🔐7_22_25  Keith Soyka,.txt,Schema,2025-07-22,7_22_25,False,gestaltview unified schema v7 0 protected public edition 7 22 25 keith soyka txt,none,0,,,False,,No match in current 8-package manifest,1
OTS-199,Overview_ Innovative Modeling Validated by a Unique Process_June 20th 2025_ ©️🔐 Keith Soyka.pdf.ots,514,c3c01d8b6a5048aaa062a48da7bb08d37adb553bb7df2ff3739380f04ae51a61,2026-03-10T12:30,Overview_ Innovative Modeling Validated by a Unique Process_June 20th 2025_ ©️🔐 Keith Soyka.pdf,Overview_ Innovative Modeling Validated by a Unique Process_June 20th 2025_ ©️🔐 Keith Soyka,.pdf,Strategy / Summary,,,False,overview innovative modeling validated by a unique process june 20th 2025 keith soyka pdf,none,0,,,False,,No match in current 8-package manifest,1
OTS-062,🌐 GestaltView – Executive Summary_.pdf.ots,514,14ea961bf438fd5aab89b646cef0cef2ffbf403cb0d63952fdd10453e1087851,2026-03-10T12:30,🌐 GestaltView – Executive Summary_.pdf,🌐 GestaltView – Executive Summary,.pdf,Strategy / Summary,,,False,gestaltview executive summary pdf,none,0,,,False,,No match in current 8-package manifest,1
OTS-127,"Document Finalized- June 4, 2025, 2-00 PM EDT-Subject- GestaltView Strategic Analysis- Net Worth ©️ Keith Soyka 2025.pdf (1).ots",409,c02720c1b98c5053ec20647842c60faf232c7e24358f5dec8db7ef3cc12e43f6,2026-03-10T12:30,"Document Finalized- June 4, 2025, 2-00 PM EDT-Subject- GestaltView Strategic Analysis- Net Worth ©️ Keith Soyka 2025.pdf (1)","Document Finalized- June 4, 2025, 2-00 PM EDT-Subject- GestaltView Strategic Analysis- Net Worth ©️ Keith Soyka 2025",.pdf,Strategy / Summary,2025-06-04,"june 4, 2025",True,document finalized june 4 2025 2 00 pm edt subject gestaltview strategic analysis net worth keith soyka 2025 pdf,none,0,,,False,,No match in current 8-package manifest,1
OTS-072,Executive Summary- GestaltView 6-6-2025.pdf.ots,479,2ecc4dfa73adb497e91988dce600dc7aa45a9991469b6dc93264f8908bd024bb,2026-03-10T12:30,Executive Summary- GestaltView 6-6-2025.pdf,Executive Summary- GestaltView 6-6-2025,.pdf,Strategy / Summary,2025-06-06,6-6-2025,False,executive summary gestaltview 6 6 2025 pdf,none,0,,,False,,No match in current 8-package manifest,1
OTS-122,GestaltView Strategic Analysis June 6th 2025 ©️ Keith Soyka 2025.pdf.ots,619,62c9609df389ef8753e928a0fbedcf836b49d6fccf4618d0e32d89e67ffed960,2026-03-10T12:30,GestaltView Strategic Analysis June 6th 2025 ©️ Keith Soyka 2025.pdf,GestaltView Strategic Analysis June 6th 2025 ©️ Keith Soyka 2025,.pdf,Strategy / Summary,2025-06-06,june 6th 2025,False,gestaltview strategic analysis june 6th 2025 keith soyka 2025 pdf,none,0,,,False,,No match in current 8-package manifest,1
OTS-045,"GestaltView Strategic Analysis- Net Worth, Self-Worth, and Philosophical Implications – Refined 6-7-25 ©️ Keith Soyka 2025 (1).pdf.ots",444,b78155e97970b69a29a0149b40abb2bc1d5d1de96311570d559e6281d12e98a8,2026-03-10T12:30,"GestaltView Strategic Analysis- Net Worth, Self-Worth, and Philosophical Implications – Refined 6-7-25 ©️ Keith Soyka 2025 (1).pdf","GestaltView Strategic Analysis- Net Worth, Self-Worth, and Philosophical Implications – Refined 6-7-25 ©️ Keith Soyka 2025",.pdf,Strategy / Summary,2025-06-07,6-7-25,True,gestaltview strategic analysis net worth self worth and philosophical implications refined 6 7 25 keith soyka 2025 pdf,none,0,,,False,,No match in current 8-package manifest,1
OTS-189,NotebookLM Deep Dive Audio Overview Of GestaltView 7_10_25.pdf.ots,514,e53d318b56c02f07a54c13a5d062e1fd2708929eebebf19157cf358eff3a1a54,2026-03-10T12:30,NotebookLM Deep Dive Audio Overview Of GestaltView 7_10_25.pdf,NotebookLM Deep Dive Audio Overview Of GestaltView 7_10_25,.pdf,Strategy / Summary,2025-07-10,7_10_25,False,notebooklm deep dive audio overview of gestaltview 7 10 25 pdf,none,0,,,False,,No match in current 8-package manifest,1
OTS-228,Integrating Perplexity into the Tribunal of Unders.pdf.ots,479,66e7cf89edf9279307fa371d5c9effc2b79fd38f6a695116e80c8f99ab7f9931,2026-03-10T12:30,Integrating Perplexity into the Tribunal of Unders.pdf,Integrating Perplexity into the Tribunal of Unders,.pdf,Tribunal / Validation,,,False,integrating perplexity into the tribunal of unders pdf,none,0,,,False,,No match in current 8-package manifest,1
OTS-139,Tribunal of Understanding AI Amalgamation for Gest.pdf.ots,584,871214cf5f40a7ec84f39f20a072e486281ce5b0444eb07d9e5998f3b5bb0c6a,2026-03-10T12:30,Tribunal of Understanding AI Amalgamation for Gest.pdf,Tribunal of Understanding AI Amalgamation for Gest,.pdf,Tribunal / Validation,,,False,tribunal of understanding ai amalgamation for gest pdf,none,0,,,False,,No match in current 8-package manifest,1
OTS-064,Tribunal of Understanding AI Cross-Validation of G.pdf.ots,479,7069a1fe12f553c953655ff3ff2a845bd6b593c7201a7143c72bd4cb369fc3a6,2026-03-10T12:30,Tribunal of Understanding AI Cross-Validation of G.pdf,Tribunal of Understanding AI Cross-Validation of G,.pdf,Tribunal / Validation,,,False,tribunal of understanding ai cross validation of g pdf,none,0,,,False,,No match in current 8-package manifest,1
OTS-142,The Continuum Codex- A Framework for Remembering Wholeness in a Fractured Age-©️ Keith Soyka 2025 (1).pdf.ots,444,b3b438da7e0ea3ff88a8c36fe945cb8bd12086dc68ede434fd16f0eb4644d75a,2026-03-10T12:30,The Continuum Codex- A Framework for Remembering Wholeness in a Fractured Age-©️ Keith Soyka 2025 (1).pdf,The Continuum Codex- A Framework for Remembering Wholeness in a Fractured Age-©️ Keith Soyka 2025,.pdf,Tribunal / Validation,2025,2025,True,the continuum codex a framework for remembering wholeness in a fractured age keith soyka 2025 pdf,none,0,,,False,,No match in current 8-package manifest,1
OTS-216,The Continuum Codex by The Tribunal of Understanding 06-03-2025.pdf (1) (1).ots,479,d18d19ee3b38d729f0bd1be6d0b931e137a952e21fc585e21c1e4e4edf58b096,2026-03-10T12:30,The Continuum Codex by The Tribunal of Understanding 06-03-2025.pdf (1) (1),The Continuum Codex by The Tribunal of Understanding 06-03-2025,.pdf,Tribunal / Validation,2025-06-03,06-03-2025,True,the continuum codex by the tribunal of understanding 06 03 2025 pdf,none,0,,,False,,No match in current 8-package manifest,2
OTS-200,The Continuum Codex by The Tribunal of Understanding 06-03-2025.pdf (2).ots,479,d18d19ee3b38d729f0bd1be6d0b931e137a952e21fc585e21c1e4e4edf58b096,2026-03-10T12:30,The Continuum Codex by The Tribunal of Understanding 06-03-2025.pdf (2),The Continuum Codex by The Tribunal of Understanding 06-03-2025,.pdf,Tribunal / Validation,2025-06-03,06-03-2025,True,the continuum codex by the tribunal of understanding 06 03 2025 pdf,none,0,,,False,,No match in current 8-package manifest,2
OTS-055,The Continuum Codex of The Tribunal of Understanding 6-3-2025.pdf (1).ots,549,e953b6fd3bbd6e2adef77c1012ac7a5f75b168108ebde6ab5da4583ed797981d,2026-03-10T12:30,The Continuum Codex of The Tribunal of Understanding 6-3-2025.pdf (1),The Continuum Codex of The Tribunal of Understanding 6-3-2025,.pdf,Tribunal / Validation,2025-06-03,6-3-2025,True,the continuum codex of the tribunal of understanding 6 3 2025 pdf,none,0,,,False,,No match in current 8-package manifest,1
OTS-259,Tribunal Of Understanding Codex 6-3-2025.pdf (1).ots,549,a706a7d7f52202dd2642266c498cf4ecac6f46aa2d4ea9631198b465a1ab2c9c,2026-03-10T12:30,Tribunal Of Understanding Codex 6-3-2025.pdf (1),Tribunal Of Understanding Codex 6-3-2025,.pdf,Tribunal / Validation,2025-06-03,6-3-2025,True,tribunal of understanding codex 6 3 2025 pdf,none,0,,,False,,No match in current 8-package manifest,1
OTS-028,GestaltView And The Keith Soyka Effect Validation Packet July 15th 2025 ©️🔐 Keith Soyka.pdf.ots,584,7ef31f70dce021432eabdedfdd343247b6513e70a7797a980e89b4bb3304ea25,2026-03-10T12:30,GestaltView And The Keith Soyka Effect Validation Packet July 15th 2025 ©️🔐 Keith Soyka.pdf,GestaltView And The Keith Soyka Effect Validation Packet July 15th 2025 ©️🔐 Keith Soyka,.pdf,Tribunal / Validation,2025-07-15,july 15th 2025,False,gestaltview and the keith soyka effect validation packet july 15th 2025 keith soyka pdf,none,0,,,False,,No match in current 8-package manifest,1
